"SampleID","Project","Amplicon","Tree_Species","BurnYear","Latitude","Longitude","Field_Office","BLM_Fire_Name","Tracking_Number","alpha-pinene","para-cymene","alpha-terpineol","cedr-9-ene","alpha-cedrene","beta-cedrene","cis-thujopsene","alpha-himachalene","beta-chamigrene","cuparene","compound 1","alpha-chamigrene","widdrol","cedrol","beta-acorenol","alpha-acorenol","gamma-eudesmol","beta-eudesmol","alpha-eudesmol","cedr-8-en-13-ol","cedr-8-en-15-ol","compound 2","thujopsenal","Yield_percent","Bolt_Surface_Area_cm2","Raw_Exit_Holes_per_cm2","Raw_Exit_Holes","Living_Larvae","ChemTotal","ChemMean","YearsSinceBurn","SampleType","Pre_or_PostDentalChew","DogAgeMonths","OtherDogVariables","DogGender","DogBreed","DogSize","DogActivityLevel","DogDisposition","DogFixed","DogHealthProblems","DogHealthHistory","DogVaccinationsCurrent","DogFoodBrand","DogOralIssues","DogDentalChewUse","DogOtherAnimals","DogOtherAnimalType","DogCollectionCity"
"LOG-16S-SL12","JuniperLogs","16S","Juniperus osteosperma",2018,41.5719,-113.7488,"Salt_Lake_3","Ridge","#5276 (2018)",0.6,0.4,2.3,0.2,1.9,1.2,25.9,0.2,0.4,1.8,0.7,0,1,37.5,3.3,1.1,0,2,0.6,1.6,2.4,0,2.6,0.18,1687,0,0,0,87.7,3.8130434783,2,"Sample","NA","NA","NA","NA","NA","NA","NA","NA","NA","NA","NA","NA","NA","NA","NA","NA","NA","NA"
"LOG-16S-SL11","JuniperLogs","16S","Juniperus osteosperma",2017,40.9202,-113.0017,"Salt_Lake_2","Knob","#5275 (2017)",1.4,0.3,0.5,1,9.5,3.3,22.8,0.4,1.1,1.8,2.4,0.6,5.2,14.2,0,0,3.5,3.5,1.8,10.5,2.4,0.5,2.8,0.29,1236,0.0081,10,0,89.5,3.8913043478,3,"Sample","NA","NA","NA","NA","NA","NA","NA","NA","NA","NA","NA","NA","NA","NA","NA","NA","NA",
"LOG-16S-CC5","JuniperLogs","16S","Juniperus osteosperma",2016,37.5799,-113.0851,"Cedar_City","Hicks Creek","#5274 (2016)",0.2,1.1,0.8,1.1,13.2,3.2,12.5,0.4,1.8,2.4,4.8,1.3,11.3,7.5,0,0,2.8,2,1.3,9.3,1.7,1.4,1.8,0.34,1866,0,0,0,81.9,3.5608695652,4,"Sample","NA","NA","NA","NA","NA","NA","NA","NA","NA","NA","NA","NA","NA","NA","NA","NA","NA",
"LOG-16S-SL9","JuniperLogs","16S","Juniperus osteosperma",2014,39.9422,-112.7181,"Salt_Lake_4","Lion Peak","#5273 (2014)",0.3,0.1,0.7,0.7,6.7,2.3,19.98,0.3,0.8,1.7,2.4,0,7.2,21.2,1,1,0,0.7,0.3,8.2,2.8,0.7,1.8,0.41,2794,0.0054,15,4,80.88,3.5165217391,6,"Sample","NA","NA","NA","NA","NA","NA","NA","NA","NA","NA","NA","NA","NA","NA","NA","NA","NA",
"LOG-16S-SL8","JuniperLogs","16S","Juniperus osteosperma",2013,41.5335,-113.7096,"Salt_Lake_3","Playground","#5272 (2013)",0.1,0.1,0.2,1,8.1,2.9,14,0.4,0.9,1.3,2.4,0.7,13.4,17.9,1.3,0,3,3.3,1.4,3.5,1.4,1.6,2,0.07,1726,0.0046,8,1,80.9,3.5173913043,7,"Sample","NA","NA","NA","NA","NA","NA","NA","NA","NA","NA","NA","NA","NA","NA","NA","NA","NA",
"LOG-16S-SL7","JuniperLogs","16S","Juniperus osteosperma",2012,40.8316,-112.4833,"Salt_Lake_2","Shanty Canyon","#5271 (2012)",0,0.1,0.1,0.3,9.4,1.8,9.3,0.2,1,2.1,1.9,0.8,9.6,14.6,0,0,1.4,1.1,0.6,17.2,3.4,2.3,2.4,0.54,1313,0.0008,1,0,79.6,3.4608695652,8,"Sample","NA","NA","NA","NA","NA","NA","NA","NA","NA","NA","NA","NA","NA","NA","NA","NA","NA",
"LOG-16S-SL6","JuniperLogs","16S","Juniperus osteosperma",2011,39.9785,-113.1177,"Salt_Lake_4","Nowhere","#5270 (2011)",0.1,0.5,2.8,0.4,8.7,2.8,28.9,0.3,0.5,1.5,1,0.3,1.5,39.9,1.5,0.7,0,1.2,0.3,0.3,0.8,0.4,1.5,0.95,1580,0,0,0,95.9,4.1695652174,9,"Sample","NA","NA","NA","NA","NA","NA","NA","NA","NA","NA","NA","NA","NA","NA","NA","NA","NA",
"LOG-16S-SL4","JuniperLogs","16S","Juniperus osteosperma",2009,39.9885,-113.1322,"Salt_Lake_4","Engleman","#5269 (2009)",0.2,0.6,1.1,0.5,8.6,2.9,14.4,0.3,0.5,1.7,0.8,0.3,2.9,37.3,0,0,3.2,4.8,1.6,6.4,1.6,0.9,1.8,0.43,1295,0.0054,7,0,92.4,4.0173913043,11,"Sample","NA","NA","NA","NA","NA","NA","NA","NA","NA","NA","NA","NA","NA","NA","NA","NA","NA",
"LOG-16S-SL3","JuniperLogs","16S","Juniperus osteosperma",2008,41.5442,-113.6921,"Salt_Lake_3","Devil","#5268 (2008)",0.1,0.2,0.1,0.9,35.5,7.6,15.9,0.4,1.4,1.9,2.7,1,4.3,16.4,0,0,0.6,0,0,2.3,0.8,0.6,0.7,0.77,2206,0.0005,1,0,93.4,4.0608695652,12,"Sample","NA","NA","NA","NA","NA","NA","NA","NA","NA","NA","NA","NA","NA","NA","NA","NA","NA",
"LOG-16S-SL2","JuniperLogs","16S","Juniperus osteosperma",2007,40.952,-112.8348,"Salt_Lake_2","Monarch","#5267 (2007)",0.1,0.3,0.3,0.8,7.6,2.7,28.7,0.4,0.9,2.1,1.7,0.5,5.6,19,1.7,1.1,0,1.1,0.5,10,2.3,1,3.1,0.47,1716,0.0058,10,0,91.5,3.9782608696,13,"Sample","NA","NA","NA","NA","NA","NA","NA","NA","NA","NA","NA","NA","NA","NA","NA","NA","NA",
"LOG-16S-CC4","JuniperLogs","16S","Juniperus osteosperma",2005,38.0547,-113.1844,"Cedar_City","Neck","#5266 (2005)",1.9,0.7,1.1,1,19.2,4.8,15,0.4,1.3,2,2.9,1,7.9,15.7,0,0,1.7,1,0.5,5.6,1.1,1.5,1.5,0.37,1256,0.0279,35,0,87.8,3.8173913043,15,"Sample","NA","NA","NA","NA","NA","NA","NA","NA","NA","NA","NA","NA","NA","NA","NA","NA","NA",
"LOG-16S-CC3","JuniperLogs","16S","Juniperus osteosperma",2004,38.4009,-113.8894,"Cedar_City","Vance","#5265 (2004)",0,2.2,6.2,0.9,7.6,3,34.9,0.5,0.9,2.2,2,0.5,4.1,13.8,1.1,0.8,0,0.6,0.2,6.1,1.1,0.7,2.1,0.81,2012,0.004,8,0,91.5,3.9782608696,16,"Sample","NA","NA","NA","NA","NA","NA","NA","NA","NA","NA","NA","NA","NA","NA","NA","NA","NA",
"LOG-16S-P1","JuniperLogs","16S","Juniperus scopulorum",2002,39.7791,-110.8793,"Price","Price Canyon","(2002)",0,0,0,0,6.7,2,32.8,0,0.9,5.2,1.1,0.8,7.1,19.1,0,0,0,0.5,0.3,1.8,0.3,0.5,3.5,0.49,1482,0.0736,"NA","NA",82.6,3.5913043478,18,"Sample","NA","NA","NA","NA","NA","NA","NA","NA","NA","NA","NA","NA","NA","NA","NA","NA","NA",
"LOG-16S-F1","JuniperLogs","16S","Juniperus osteosperma",2001,39.3052,-112.0301,"Fillmore","Substation","#5264 (2001)",0,0.5,1.5,0.7,3.1,1.5,29.6,0.4,1,3.1,1.8,0.6,9,6.9,0,0,5.5,7.9,3,2.8,2.5,1.7,2.3,0.28,1086,0.0101,11,0,85.4,3.7130434783,19,"Sample","NA","NA","NA","NA","NA","NA","NA","NA","NA","NA","NA","NA","NA","NA","NA","NA","NA",
"LOG-16S-NEG","JuniperLogs","16S","NA","NA","NA","NA","NA","NA","NA","NA","NA","NA","NA","NA","NA","NA","NA","NA","NA","NA","NA","NA","NA","NA","NA","NA","NA","NA","NA","NA","NA","NA","NA","NA","NA","NA","NA","NA","NA","NA","Blank","NA","NA","NA","NA","NA","NA","NA","NA","NA","NA","NA","NA","NA","NA","NA","NA","NA",
"LOG-ITS2-NEG","JuniperLogs","ITS2","NA","NA","NA","NA","NA","NA","NA","NA","NA","NA","NA","NA","NA","NA","NA","NA","NA","NA","NA","NA","NA","NA","NA","NA","NA","NA","NA","NA","NA","NA","NA","NA","NA","NA","NA","NA","NA","NA","Blank","NA","NA","NA","NA","NA","NA","NA","NA","NA","NA","NA","NA","NA","NA","NA","NA","NA",
"LOG-16S-M1","JuniperLogs","16S","Juniperus osteosperma",2000,38.6792,-109.2999,"Moab","Fisher","#5263 (2000)",0,3.4,3,1.1,4.9,2.1,36.9,0.6,1.6,3.6,2.8,1,8.3,4.6,0,0,3.2,3.8,1.6,1.5,0.8,1.4,1,0.42,1718,0,0,0,87.2,3.7913043478,20,"Sample","NA","NA","NA","NA","NA","NA","NA","NA","NA","NA","NA","NA","NA","NA","NA","NA","NA",
"LOG-16S-CC2","JuniperLogs","16S","Juniperus osteosperma",1999,38.3633,-113.9149,"Cedar_City","Meadow Spring","#5262 (1999)",0,0.1,0,1.2,17.5,4.2,16.1,0.6,1.1,1.7,3.2,1,4.9,16.9,0,0,0.8,1,0.5,6.9,1.6,2.5,2.3,0.46,2675,0.0026,7,0,84.1,3.6565217391,21,"Sample","NA","NA","NA","NA","NA","NA","NA","NA","NA","NA","NA","NA","NA","NA","NA","NA","NA",
"LOG-16S-CC1","JuniperLogs","16S","Juniperus osteosperma",1998,38.2399,-112.8383,"Cedar_City","Minersville","#5261 (1998)",0.1,0.1,0.2,0.4,17.1,3.6,9.1,0.1,0.6,1.3,1,0.4,5.7,39.2,0,0,0.5,0.6,0.3,5.1,2.4,0.9,1.9,0.19,1831,0.0005,1,0,90.6,3.9391304348,22,"Sample","NA","NA","NA","NA","NA","NA","NA","NA","NA","NA","NA","NA","NA","NA","NA","NA","NA",
"LOG-ITS2-SL12","JuniperLogs","ITS2","Juniperus osteosperma",2018,41.5719,-113.7488,"Salt_Lake_3","Ridge","#5276 (2018)",0.6,0.4,2.3,0.2,1.9,1.2,25.9,0.2,0.4,1.8,0.7,0,1,37.5,3.3,1.1,0,2,0.6,1.6,2.4,0,2.6,0.18,1687,0,0,0,87.7,3.8130434783,2,"Sample","NA","NA","NA","NA","NA","NA","NA","NA","NA","NA","NA","NA","NA","NA","NA","NA","NA",
"LOG-ITS2-SL11","JuniperLogs","ITS2","Juniperus osteosperma",2017,40.9202,-113.0017,"Salt_Lake_2","Knob","#5275 (2017)",1.4,0.3,0.5,1,9.5,3.3,22.8,0.4,1.1,1.8,2.4,0.6,5.2,14.2,0,0,3.5,3.5,1.8,10.5,2.4,0.5,2.8,0.29,1236,0.0081,10,0,89.5,3.8913043478,3,"Sample","NA","NA","NA","NA","NA","NA","NA","NA","NA","NA","NA","NA","NA","NA","NA","NA","NA",
"LOG-ITS2-CC5","JuniperLogs","ITS2","Juniperus osteosperma",2016,37.5799,-113.0851,"Cedar_City","Hicks Creek","#5274 (2016)",0.2,1.1,0.8,1.1,13.2,3.2,12.5,0.4,1.8,2.4,4.8,1.3,11.3,7.5,0,0,2.8,2,1.3,9.3,1.7,1.4,1.8,0.34,1866,0,0,0,81.9,3.5608695652,4,"Sample","NA","NA","NA","NA","NA","NA","NA","NA","NA","NA","NA","NA","NA","NA","NA","NA","NA",
"LOG-ITS2-SL9","JuniperLogs","ITS2","Juniperus osteosperma",2014,39.9422,-112.7181,"Salt_Lake_4","Lion Peak","#5273 (2014)",0.3,0.1,0.7,0.7,6.7,2.3,19.98,0.3,0.8,1.7,2.4,0,7.2,21.2,1,1,0,0.7,0.3,8.2,2.8,0.7,1.8,0.41,2794,0.0054,15,4,80.88,3.5165217391,6,"Sample","NA","NA","NA","NA","NA","NA","NA","NA","NA","NA","NA","NA","NA","NA","NA","NA","NA",
"LOG-ITS2-SL8","JuniperLogs","ITS2","Juniperus osteosperma",2013,41.5335,-113.7096,"Salt_Lake_3","Playground","#5272 (2013)",0.1,0.1,0.2,1,8.1,2.9,14,0.4,0.9,1.3,2.4,0.7,13.4,17.9,1.3,0,3,3.3,1.4,3.5,1.4,1.6,2,0.07,1726,0.0046,8,1,80.9,3.5173913043,7,"Sample","NA","NA","NA","NA","NA","NA","NA","NA","NA","NA","NA","NA","NA","NA","NA","NA","NA",
"LOG-ITS2-SL7","JuniperLogs","ITS2","Juniperus osteosperma",2012,40.8316,-112.4833,"Salt_Lake_2","Shanty Canyon","#5271 (2012)",0,0.1,0.1,0.3,9.4,1.8,9.3,0.2,1,2.1,1.9,0.8,9.6,14.6,0,0,1.4,1.1,0.6,17.2,3.4,2.3,2.4,0.54,1313,0.0008,1,0,79.6,3.4608695652,8,"Sample","NA","NA","NA","NA","NA","NA","NA","NA","NA","NA","NA","NA","NA","NA","NA","NA","NA",
"LOG-ITS2-SL6","JuniperLogs","ITS2","Juniperus osteosperma",2011,39.9785,-113.1177,"Salt_Lake_4","Nowhere","#5270 (2011)",0.1,0.5,2.8,0.4,8.7,2.8,28.9,0.3,0.5,1.5,1,0.3,1.5,39.9,1.5,0.7,0,1.2,0.3,0.3,0.8,0.4,1.5,0.95,1580,0,0,0,95.9,4.1695652174,9,"Sample","NA","NA","NA","NA","NA","NA","NA","NA","NA","NA","NA","NA","NA","NA","NA","NA","NA",
"LOG-ITS2-SL4","JuniperLogs","ITS2","Juniperus osteosperma",2009,39.9885,-113.1322,"Salt_Lake_4","Engleman","#5269 (2009)",0.2,0.6,1.1,0.5,8.6,2.9,14.4,0.3,0.5,1.7,0.8,0.3,2.9,37.3,0,0,3.2,4.8,1.6,6.4,1.6,0.9,1.8,0.43,1295,0.0054,7,0,92.4,4.0173913043,11,"Sample","NA","NA","NA","NA","NA","NA","NA","NA","NA","NA","NA","NA","NA","NA","NA","NA","NA",
"LOG-ITS2-SL3","JuniperLogs","ITS2","Juniperus osteosperma",2008,41.5442,-113.6921,"Salt_Lake_3","Devil","#5268 (2008)",0.1,0.2,0.1,0.9,35.5,7.6,15.9,0.4,1.4,1.9,2.7,1,4.3,16.4,0,0,0.6,0,0,2.3,0.8,0.6,0.7,0.77,2206,0.0005,1,0,93.4,4.0608695652,12,"Sample","NA","NA","NA","NA","NA","NA","NA","NA","NA","NA","NA","NA","NA","NA","NA","NA","NA",
"LOG-ITS2-SL2","JuniperLogs","ITS2","Juniperus osteosperma",2007,40.952,-112.8348,"Salt_Lake_2","Monarch","#5267 (2007)",0.1,0.3,0.3,0.8,7.6,2.7,28.7,0.4,0.9,2.1,1.7,0.5,5.6,19,1.7,1.1,0,1.1,0.5,10,2.3,1,3.1,0.47,1716,0.0058,10,0,91.5,3.9782608696,13,"Sample","NA","NA","NA","NA","NA","NA","NA","NA","NA","NA","NA","NA","NA","NA","NA","NA","NA",
"LOG-ITS2-CC4","JuniperLogs","ITS2","Juniperus osteosperma",2005,38.0547,-113.1844,"Cedar_City","Neck","#5266 (2005)",1.9,0.7,1.1,1,19.2,4.8,15,0.4,1.3,2,2.9,1,7.9,15.7,0,0,1.7,1,0.5,5.6,1.1,1.5,1.5,0.37,1256,0.0279,35,0,87.8,3.8173913043,15,"Sample","NA","NA","NA","NA","NA","NA","NA","NA","NA","NA","NA","NA","NA","NA","NA","NA","NA",
"LOG-ITS2-CC3","JuniperLogs","ITS2","Juniperus osteosperma",2004,38.4009,-113.8894,"Cedar_City","Vance","#5265 (2004)",0,2.2,6.2,0.9,7.6,3,34.9,0.5,0.9,2.2,2,0.5,4.1,13.8,1.1,0.8,0,0.6,0.2,6.1,1.1,0.7,2.1,0.81,2012,0.004,8,0,91.5,3.9782608696,16,"Sample","NA","NA","NA","NA","NA","NA","NA","NA","NA","NA","NA","NA","NA","NA","NA","NA","NA",
"LOG-ITS2-P1","JuniperLogs","ITS2","Juniperus scopulorum",2002,39.7791,-110.8793,"Price","Price Canyon","(2002)",0,0,0,0,6.7,2,32.8,0,0.9,5.2,1.1,0.8,7.1,19.1,0,0,0,0.5,0.3,1.8,0.3,0.5,3.5,0.49,1482,0.0736,"NA","NA",82.6,3.5913043478,18,"Sample","NA","NA","NA","NA","NA","NA","NA","NA","NA","NA","NA","NA","NA","NA","NA","NA","NA",
"LOG-ITS2-F1","JuniperLogs","ITS2","Juniperus osteosperma",2001,39.3052,-112.0301,"Fillmore","Substation","#5264 (2001)",0,0.5,1.5,0.7,3.1,1.5,29.6,0.4,1,3.1,1.8,0.6,9,6.9,0,0,5.5,7.9,3,2.8,2.5,1.7,2.3,0.28,1086,0.0101,11,0,85.4,3.7130434783,19,"Sample","NA","NA","NA","NA","NA","NA","NA","NA","NA","NA","NA","NA","NA","NA","NA","NA","NA",
"LOG-ITS2-M1","JuniperLogs","ITS2","Juniperus osteosperma",2000,38.6792,-109.2999,"Moab","Fisher","#5263 (2000)",0,3.4,3,1.1,4.9,2.1,36.9,0.6,1.6,3.6,2.8,1,8.3,4.6,0,0,3.2,3.8,1.6,1.5,0.8,1.4,1,0.42,1718,0,0,0,87.2,3.7913043478,20,"Sample","NA","NA","NA","NA","NA","NA","NA","NA","NA","NA","NA","NA","NA","NA","NA","NA","NA",
"LOG-ITS2-CC2","JuniperLogs","ITS2","Juniperus osteosperma",1999,38.3633,-113.9149,"Cedar_City","Meadow Spring","#5262 (1999)",0,0.1,0,1.2,17.5,4.2,16.1,0.6,1.1,1.7,3.2,1,4.9,16.9,0,0,0.8,1,0.5,6.9,1.6,2.5,2.3,0.46,2675,0.0026,7,0,84.1,3.6565217391,21,"Sample","NA","NA","NA","NA","NA","NA","NA","NA","NA","NA","NA","NA","NA","NA","NA","NA","NA",
"LOG-ITS2-CC1","JuniperLogs","ITS2","Juniperus osteosperma",1998,38.2399,-112.8383,"Cedar_City","Minersville","#5261 (1998)",0.1,0.1,0.2,0.4,17.1,3.6,9.1,0.1,0.6,1.3,1,0.4,5.7,39.2,0,0,0.5,0.6,0.3,5.1,2.4,0.9,1.9,0.19,1831,0.0005,1,0,90.6,3.9391304348,22,"Sample","NA","NA","NA","NA","NA","NA","NA","NA","NA","NA","NA","NA","NA","NA","NA","NA","NA",
"FAYE-ITS2-WM3","Faye_Decomp","ITS2","NA","NA","NA","NA","NA","NA","NA","NA","NA","NA","NA","NA","NA","NA","NA","NA","NA","NA","NA","NA","NA","NA","NA","NA","NA","NA","NA","NA","NA","NA","NA","NA","NA","NA","NA","NA","NA","NA","Sample","NA","NA","NA","NA","NA","NA","NA","NA","NA","NA","NA","NA","NA","NA","NA","NA","NA",
"FAYE-ITS2-WM2","Faye_Decomp","ITS2","NA","NA","NA","NA","NA","NA","NA","NA","NA","NA","NA","NA","NA","NA","NA","NA","NA","NA","NA","NA","NA","NA","NA","NA","NA","NA","NA","NA","NA","NA","NA","NA","NA","NA","NA","NA","NA","NA","Sample","NA","NA","NA","NA","NA","NA","NA","NA","NA","NA","NA","NA","NA","NA","NA","NA","NA",
"FAYE-ITS2-WM1","Faye_Decomp","ITS2","NA","NA","NA","NA","NA","NA","NA","NA","NA","NA","NA","NA","NA","NA","NA","NA","NA","NA","NA","NA","NA","NA","NA","NA","NA","NA","NA","NA","NA","NA","NA","NA","NA","NA","NA","NA","NA","NA","Sample","NA","NA","NA","NA","NA","NA","NA","NA","NA","NA","NA","NA","NA","NA","NA","NA","NA",
"FAYE-ITS2-WD3","Faye_Decomp","ITS2","NA","NA","NA","NA","NA","NA","NA","NA","NA","NA","NA","NA","NA","NA","NA","NA","NA","NA","NA","NA","NA","NA","NA","NA","NA","NA","NA","NA","NA","NA","NA","NA","NA","NA","NA","NA","NA","NA","Sample","NA","NA","NA","NA","NA","NA","NA","NA","NA","NA","NA","NA","NA","NA","NA","NA","NA",
"FAYE-ITS2-WD2","Faye_Decomp","ITS2","NA","NA","NA","NA","NA","NA","NA","NA","NA","NA","NA","NA","NA","NA","NA","NA","NA","NA","NA","NA","NA","NA","NA","NA","NA","NA","NA","NA","NA","NA","NA","NA","NA","NA","NA","NA","NA","NA","Sample","NA","NA","NA","NA","NA","NA","NA","NA","NA","NA","NA","NA","NA","NA","NA","NA","NA",
"FAYE-ITS2-WD1","Faye_Decomp","ITS2","NA","NA","NA","NA","NA","NA","NA","NA","NA","NA","NA","NA","NA","NA","NA","NA","NA","NA","NA","NA","NA","NA","NA","NA","NA","NA","NA","NA","NA","NA","NA","NA","NA","NA","NA","NA","NA","NA","Sample","NA","NA","NA","NA","NA","NA","NA","NA","NA","NA","NA","NA","NA","NA","NA","NA","NA",
"FAYE-ITS2-PM3","Faye_Decomp","ITS2","NA","NA","NA","NA","NA","NA","NA","NA","NA","NA","NA","NA","NA","NA","NA","NA","NA","NA","NA","NA","NA","NA","NA","NA","NA","NA","NA","NA","NA","NA","NA","NA","NA","NA","NA","NA","NA","NA","Sample","NA","NA","NA","NA","NA","NA","NA","NA","NA","NA","NA","NA","NA","NA","NA","NA","NA",
"FAYE-ITS2-PM2","Faye_Decomp","ITS2","NA","NA","NA","NA","NA","NA","NA","NA","NA","NA","NA","NA","NA","NA","NA","NA","NA","NA","NA","NA","NA","NA","NA","NA","NA","NA","NA","NA","NA","NA","NA","NA","NA","NA","NA","NA","NA","NA","Sample","NA","NA","NA","NA","NA","NA","NA","NA","NA","NA","NA","NA","NA","NA","NA","NA","NA",
"FAYE-ITS2-PM1","Faye_Decomp","ITS2","NA","NA","NA","NA","NA","NA","NA","NA","NA","NA","NA","NA","NA","NA","NA","NA","NA","NA","NA","NA","NA","NA","NA","NA","NA","NA","NA","NA","NA","NA","NA","NA","NA","NA","NA","NA","NA","NA","Sample","NA","NA","NA","NA","NA","NA","NA","NA","NA","NA","NA","NA","NA","NA","NA","NA","NA",
"FAYE-ITS2-PD3","Faye_Decomp","ITS2","NA","NA","NA","NA","NA","NA","NA","NA","NA","NA","NA","NA","NA","NA","NA","NA","NA","NA","NA","NA","NA","NA","NA","NA","NA","NA","NA","NA","NA","NA","NA","NA","NA","NA","NA","NA","NA","NA","Sample","NA","NA","NA","NA","NA","NA","NA","NA","NA","NA","NA","NA","NA","NA","NA","NA","NA",
"FAYE-ITS2-PD2","Faye_Decomp","ITS2","NA","NA","NA","NA","NA","NA","NA","NA","NA","NA","NA","NA","NA","NA","NA","NA","NA","NA","NA","NA","NA","NA","NA","NA","NA","NA","NA","NA","NA","NA","NA","NA","NA","NA","NA","NA","NA","NA","Sample","NA","NA","NA","NA","NA","NA","NA","NA","NA","NA","NA","NA","NA","NA","NA","NA","NA",
"FAYE-ITS2-PD1","Faye_Decomp","ITS2","NA","NA","NA","NA","NA","NA","NA","NA","NA","NA","NA","NA","NA","NA","NA","NA","NA","NA","NA","NA","NA","NA","NA","NA","NA","NA","NA","NA","NA","NA","NA","NA","NA","NA","NA","NA","NA","NA","Sample","NA","NA","NA","NA","NA","NA","NA","NA","NA","NA","NA","NA","NA","NA","NA","NA","NA",
"FAYE-ITS2-BM3","Faye_Decomp","ITS2","NA","NA","NA","NA","NA","NA","NA","NA","NA","NA","NA","NA","NA","NA","NA","NA","NA","NA","NA","NA","NA","NA","NA","NA","NA","NA","NA","NA","NA","NA","NA","NA","NA","NA","NA","NA","NA","NA","Sample","NA","NA","NA","NA","NA","NA","NA","NA","NA","NA","NA","NA","NA","NA","NA","NA","NA",
"FAYE-ITS2-BM2","Faye_Decomp","ITS2","NA","NA","NA","NA","NA","NA","NA","NA","NA","NA","NA","NA","NA","NA","NA","NA","NA","NA","NA","NA","NA","NA","NA","NA","NA","NA","NA","NA","NA","NA","NA","NA","NA","NA","NA","NA","NA","NA","Sample","NA","NA","NA","NA","NA","NA","NA","NA","NA","NA","NA","NA","NA","NA","NA","NA","NA",
"FAYE-ITS2-BM1","Faye_Decomp","ITS2","NA","NA","NA","NA","NA","NA","NA","NA","NA","NA","NA","NA","NA","NA","NA","NA","NA","NA","NA","NA","NA","NA","NA","NA","NA","NA","NA","NA","NA","NA","NA","NA","NA","NA","NA","NA","NA","NA","Sample","NA","NA","NA","NA","NA","NA","NA","NA","NA","NA","NA","NA","NA","NA","NA","NA","NA",
"FAYE-ITS2-BD3","Faye_Decomp","ITS2","NA","NA","NA","NA","NA","NA","NA","NA","NA","NA","NA","NA","NA","NA","NA","NA","NA","NA","NA","NA","NA","NA","NA","NA","NA","NA","NA","NA","NA","NA","NA","NA","NA","NA","NA","NA","NA","NA","Sample","NA","NA","NA","NA","NA","NA","NA","NA","NA","NA","NA","NA","NA","NA","NA","NA","NA",
"FAYE-ITS2-BD2","Faye_Decomp","ITS2","NA","NA","NA","NA","NA","NA","NA","NA","NA","NA","NA","NA","NA","NA","NA","NA","NA","NA","NA","NA","NA","NA","NA","NA","NA","NA","NA","NA","NA","NA","NA","NA","NA","NA","NA","NA","NA","NA","Sample","NA","NA","NA","NA","NA","NA","NA","NA","NA","NA","NA","NA","NA","NA","NA","NA","NA",
"FAYE-ITS2-BD1","Faye_Decomp","ITS2","NA","NA","NA","NA","NA","NA","NA","NA","NA","NA","NA","NA","NA","NA","NA","NA","NA","NA","NA","NA","NA","NA","NA","NA","NA","NA","NA","NA","NA","NA","NA","NA","NA","NA","NA","NA","NA","NA","Sample","NA","NA","NA","NA","NA","NA","NA","NA","NA","NA","NA","NA","NA","NA","NA","NA","NA",
"FAYE-ITS2-B2","Faye_Decomp","ITS2","NA","NA","NA","NA","NA","NA","NA","NA","NA","NA","NA","NA","NA","NA","NA","NA","NA","NA","NA","NA","NA","NA","NA","NA","NA","NA","NA","NA","NA","NA","NA","NA","NA","NA","NA","NA","NA","NA","Sample","NA","NA","NA","NA","NA","NA","NA","NA","NA","NA","NA","NA","NA","NA","NA","NA","NA",
"FAYE-ITS2-B1","Faye_Decomp","ITS2","NA","NA","NA","NA","NA","NA","NA","NA","NA","NA","NA","NA","NA","NA","NA","NA","NA","NA","NA","NA","NA","NA","NA","NA","NA","NA","NA","NA","NA","NA","NA","NA","NA","NA","NA","NA","NA","NA","Sample","NA","NA","NA","NA","NA","NA","NA","NA","NA","NA","NA","NA","NA","NA","NA","NA","NA",
"FAYE-16S-WM3","Faye_Decomp","16S","NA","NA","NA","NA","NA","NA","NA","NA","NA","NA","NA","NA","NA","NA","NA","NA","NA","NA","NA","NA","NA","NA","NA","NA","NA","NA","NA","NA","NA","NA","NA","NA","NA","NA","NA","NA","NA","NA","Sample","NA","NA","NA","NA","NA","NA","NA","NA","NA","NA","NA","NA","NA","NA","NA","NA","NA",
"FAYE-16S-WM2","Faye_Decomp","16S","NA","NA","NA","NA","NA","NA","NA","NA","NA","NA","NA","NA","NA","NA","NA","NA","NA","NA","NA","NA","NA","NA","NA","NA","NA","NA","NA","NA","NA","NA","NA","NA","NA","NA","NA","NA","NA","NA","Sample","NA","NA","NA","NA","NA","NA","NA","NA","NA","NA","NA","NA","NA","NA","NA","NA","NA",
"FAYE-16S-WM1","Faye_Decomp","16S","NA","NA","NA","NA","NA","NA","NA","NA","NA","NA","NA","NA","NA","NA","NA","NA","NA","NA","NA","NA","NA","NA","NA","NA","NA","NA","NA","NA","NA","NA","NA","NA","NA","NA","NA","NA","NA","NA","Sample","NA","NA","NA","NA","NA","NA","NA","NA","NA","NA","NA","NA","NA","NA","NA","NA","NA",
"FAYE-16S-WD3","Faye_Decomp","16S","NA","NA","NA","NA","NA","NA","NA","NA","NA","NA","NA","NA","NA","NA","NA","NA","NA","NA","NA","NA","NA","NA","NA","NA","NA","NA","NA","NA","NA","NA","NA","NA","NA","NA","NA","NA","NA","NA","Sample","NA","NA","NA","NA","NA","NA","NA","NA","NA","NA","NA","NA","NA","NA","NA","NA","NA",
"FAYE-16S-WD2","Faye_Decomp","16S","NA","NA","NA","NA","NA","NA","NA","NA","NA","NA","NA","NA","NA","NA","NA","NA","NA","NA","NA","NA","NA","NA","NA","NA","NA","NA","NA","NA","NA","NA","NA","NA","NA","NA","NA","NA","NA","NA","Sample","NA","NA","NA","NA","NA","NA","NA","NA","NA","NA","NA","NA","NA","NA","NA","NA","NA",
"FAYE-16S-WD1","Faye_Decomp","16S","NA","NA","NA","NA","NA","NA","NA","NA","NA","NA","NA","NA","NA","NA","NA","NA","NA","NA","NA","NA","NA","NA","NA","NA","NA","NA","NA","NA","NA","NA","NA","NA","NA","NA","NA","NA","NA","NA","Sample","NA","NA","NA","NA","NA","NA","NA","NA","NA","NA","NA","NA","NA","NA","NA","NA","NA",
"FAYE-16S-PM3","Faye_Decomp","16S","NA","NA","NA","NA","NA","NA","NA","NA","NA","NA","NA","NA","NA","NA","NA","NA","NA","NA","NA","NA","NA","NA","NA","NA","NA","NA","NA","NA","NA","NA","NA","NA","NA","NA","NA","NA","NA","NA","Sample","NA","NA","NA","NA","NA","NA","NA","NA","NA","NA","NA","NA","NA","NA","NA","NA","NA",
"FAYE-16S-PM2","Faye_Decomp","16S","NA","NA","NA","NA","NA","NA","NA","NA","NA","NA","NA","NA","NA","NA","NA","NA","NA","NA","NA","NA","NA","NA","NA","NA","NA","NA","NA","NA","NA","NA","NA","NA","NA","NA","NA","NA","NA","NA","Sample","NA","NA","NA","NA","NA","NA","NA","NA","NA","NA","NA","NA","NA","NA","NA","NA","NA",
"FAYE-16S-PM1","Faye_Decomp","16S","NA","NA","NA","NA","NA","NA","NA","NA","NA","NA","NA","NA","NA","NA","NA","NA","NA","NA","NA","NA","NA","NA","NA","NA","NA","NA","NA","NA","NA","NA","NA","NA","NA","NA","NA","NA","NA","NA","Sample","NA","NA","NA","NA","NA","NA","NA","NA","NA","NA","NA","NA","NA","NA","NA","NA","NA",
"FAYE-16S-PD3","Faye_Decomp","16S","NA","NA","NA","NA","NA","NA","NA","NA","NA","NA","NA","NA","NA","NA","NA","NA","NA","NA","NA","NA","NA","NA","NA","NA","NA","NA","NA","NA","NA","NA","NA","NA","NA","NA","NA","NA","NA","NA","Sample","NA","NA","NA","NA","NA","NA","NA","NA","NA","NA","NA","NA","NA","NA","NA","NA","NA",
"FAYE-16S-PD2","Faye_Decomp","16S","NA","NA","NA","NA","NA","NA","NA","NA","NA","NA","NA","NA","NA","NA","NA","NA","NA","NA","NA","NA","NA","NA","NA","NA","NA","NA","NA","NA","NA","NA","NA","NA","NA","NA","NA","NA","NA","NA","Sample","NA","NA","NA","NA","NA","NA","NA","NA","NA","NA","NA","NA","NA","NA","NA","NA","NA",
"FAYE-16S-PD1","Faye_Decomp","16S","NA","NA","NA","NA","NA","NA","NA","NA","NA","NA","NA","NA","NA","NA","NA","NA","NA","NA","NA","NA","NA","NA","NA","NA","NA","NA","NA","NA","NA","NA","NA","NA","NA","NA","NA","NA","NA","NA","Sample","NA","NA","NA","NA","NA","NA","NA","NA","NA","NA","NA","NA","NA","NA","NA","NA","NA",
"FAYE-16S-BM3","Faye_Decomp","16S","NA","NA","NA","NA","NA","NA","NA","NA","NA","NA","NA","NA","NA","NA","NA","NA","NA","NA","NA","NA","NA","NA","NA","NA","NA","NA","NA","NA","NA","NA","NA","NA","NA","NA","NA","NA","NA","NA","Sample","NA","NA","NA","NA","NA","NA","NA","NA","NA","NA","NA","NA","NA","NA","NA","NA","NA",
"FAYE-16S-BM2","Faye_Decomp","16S","NA","NA","NA","NA","NA","NA","NA","NA","NA","NA","NA","NA","NA","NA","NA","NA","NA","NA","NA","NA","NA","NA","NA","NA","NA","NA","NA","NA","NA","NA","NA","NA","NA","NA","NA","NA","NA","NA","Sample","NA","NA","NA","NA","NA","NA","NA","NA","NA","NA","NA","NA","NA","NA","NA","NA","NA",
"FAYE-16S-BM1","Faye_Decomp","16S","NA","NA","NA","NA","NA","NA","NA","NA","NA","NA","NA","NA","NA","NA","NA","NA","NA","NA","NA","NA","NA","NA","NA","NA","NA","NA","NA","NA","NA","NA","NA","NA","NA","NA","NA","NA","NA","NA","Sample","NA","NA","NA","NA","NA","NA","NA","NA","NA","NA","NA","NA","NA","NA","NA","NA","NA",
"FAYE-16S-BD3","Faye_Decomp","16S","NA","NA","NA","NA","NA","NA","NA","NA","NA","NA","NA","NA","NA","NA","NA","NA","NA","NA","NA","NA","NA","NA","NA","NA","NA","NA","NA","NA","NA","NA","NA","NA","NA","NA","NA","NA","NA","NA","Sample","NA","NA","NA","NA","NA","NA","NA","NA","NA","NA","NA","NA","NA","NA","NA","NA","NA",
"FAYE-16S-BD2","Faye_Decomp","16S","NA","NA","NA","NA","NA","NA","NA","NA","NA","NA","NA","NA","NA","NA","NA","NA","NA","NA","NA","NA","NA","NA","NA","NA","NA","NA","NA","NA","NA","NA","NA","NA","NA","NA","NA","NA","NA","NA","Sample","NA","NA","NA","NA","NA","NA","NA","NA","NA","NA","NA","NA","NA","NA","NA","NA","NA",
"FAYE-16S-BD1","Faye_Decomp","16S","NA","NA","NA","NA","NA","NA","NA","NA","NA","NA","NA","NA","NA","NA","NA","NA","NA","NA","NA","NA","NA","NA","NA","NA","NA","NA","NA","NA","NA","NA","NA","NA","NA","NA","NA","NA","NA","NA","Sample","NA","NA","NA","NA","NA","NA","NA","NA","NA","NA","NA","NA","NA","NA","NA","NA","NA",
"FAYE-16S-B2","Faye_Decomp","16S","NA","NA","NA","NA","NA","NA","NA","NA","NA","NA","NA","NA","NA","NA","NA","NA","NA","NA","NA","NA","NA","NA","NA","NA","NA","NA","NA","NA","NA","NA","NA","NA","NA","NA","NA","NA","NA","NA","Sample","NA","NA","NA","NA","NA","NA","NA","NA","NA","NA","NA","NA","NA","NA","NA","NA","NA",
"FAYE-16S-B1","Faye_Decomp","16S","NA","NA","NA","NA","NA","NA","NA","NA","NA","NA","NA","NA","NA","NA","NA","NA","NA","NA","NA","NA","NA","NA","NA","NA","NA","NA","NA","NA","NA","NA","NA","NA","NA","NA","NA","NA","NA","NA","Sample","NA","NA","NA","NA","NA","NA","NA","NA","NA","NA","NA","NA","NA","NA","NA","NA","NA",
"DMNEG-5","DogMouth","16S","NA","NA","NA","NA","NA","NA","NA","NA","NA","NA","NA","NA","NA","NA","NA","NA","NA","NA","NA","NA","NA","NA","NA","NA","NA","NA","NA","NA","NA","NA","NA","NA","NA","NA","NA","NA","NA","NA","Blank","NA","NA","NA","NA","NA","NA","NA","NA","NA","NA","NA","NA","NA","NA","NA","NA","NA","NA"
"DMNEG-4","DogMouth","16S","NA","NA","NA","NA","NA","NA","NA","NA","NA","NA","NA","NA","NA","NA","NA","NA","NA","NA","NA","NA","NA","NA","NA","NA","NA","NA","NA","NA","NA","NA","NA","NA","NA","NA","NA","NA","NA","NA","Blank","NA","NA","NA","NA","NA","NA","NA","NA","NA","NA","NA","NA","NA","NA","NA","NA","NA","NA"
"DMNEG-3","DogMouth","16S","NA","NA","NA","NA","NA","NA","NA","NA","NA","NA","NA","NA","NA","NA","NA","NA","NA","NA","NA","NA","NA","NA","NA","NA","NA","NA","NA","NA","NA","NA","NA","NA","NA","NA","NA","NA","NA","NA","Blank","NA","NA","NA","NA","NA","NA","NA","NA","NA","NA","NA","NA","NA","NA","NA","NA","NA","NA"
"DMNEG-2","DogMouth","16S","NA","NA","NA","NA","NA","NA","NA","NA","NA","NA","NA","NA","NA","NA","NA","NA","NA","NA","NA","NA","NA","NA","NA","NA","NA","NA","NA","NA","NA","NA","NA","NA","NA","NA","NA","NA","NA","NA","Blank","NA","NA","NA","NA","NA","NA","NA","NA","NA","NA","NA","NA","NA","NA","NA","NA","NA","NA"
"DMNEG-1","DogMouth","16S","NA","NA","NA","NA","NA","NA","NA","NA","NA","NA","NA","NA","NA","NA","NA","NA","NA","NA","NA","NA","NA","NA","NA","NA","NA","NA","NA","NA","NA","NA","NA","NA","NA","NA","NA","NA","NA","NA","Blank","NA","NA","NA","NA","NA","NA","NA","NA","NA","NA","NA","NA","NA","NA","NA","NA","NA","NA"
"DM-MOCK","DogMouth","16S","NA","NA","NA","NA","NA","NA","NA","NA","NA","NA","NA","NA","NA","NA","NA","NA","NA","NA","NA","NA","NA","NA","NA","NA","NA","NA","NA","NA","NA","NA","NA","NA","NA","NA","NA","NA","NA","NA","Mock","NA","NA","NA","NA","NA","NA","NA","NA","NA","NA","NA","NA","NA","NA","NA","NA","NA","NA"
"DM099-2","DogMouth","16S","NA","NA","NA","NA","NA","NA","NA","NA","NA","NA","NA","NA","NA","NA","NA","NA","NA","NA","NA","NA","NA","NA","NA","NA","NA","NA","NA","NA","NA","NA","NA","NA","NA","NA","NA","NA","NA","NA","Sample","Post",12,,"F","GREAT_DANE_WEIMARANER","L","Very_Active","Hyper","Y","N","NA","Y","Kirkland","N","Y","N","NA","Lehi"
"DM099-1","DogMouth","16S","NA","NA","NA","NA","NA","NA","NA","NA","NA","NA","NA","NA","NA","NA","NA","NA","NA","NA","NA","NA","NA","NA","NA","NA","NA","NA","NA","NA","NA","NA","NA","NA","NA","NA","NA","NA","NA","NA","Sample","Pre",12,,"F","GREAT_DANE_WEIMARANER","L","Very_Active","Hyper","Y","N","NA","Y","Kirkland","N","Y","N","NA","Lehi"
"DM098-2","DogMouth","16S","NA","NA","NA","NA","NA","NA","NA","NA","NA","NA","NA","NA","NA","NA","NA","NA","NA","NA","NA","NA","NA","NA","NA","NA","NA","NA","NA","NA","NA","NA","NA","NA","NA","NA","NA","NA","NA","NA","Sample","Post",144,,"F","LABRADOR_RETRIEVER","L","Light","Calm","Y","Y","Occasional_Body_Shakes","Unknown","Kirkland","N","N","Y","Dog_Chickens_Turtle","Elk_Ridge"
"DM098-1","DogMouth","16S","NA","NA","NA","NA","NA","NA","NA","NA","NA","NA","NA","NA","NA","NA","NA","NA","NA","NA","NA","NA","NA","NA","NA","NA","NA","NA","NA","NA","NA","NA","NA","NA","NA","NA","NA","NA","NA","NA","Sample","Pre",144,,"F","LABRADOR_RETRIEVER","L","Light","Calm","Y","Y","Occasional_Body_Shakes","Unknown","Kirkland","N","N","Y","Dog_Chickens_Turtle","Elk_Ridge"
"DM097-2","DogMouth","16S","NA","NA","NA","NA","NA","NA","NA","NA","NA","NA","NA","NA","NA","NA","NA","NA","NA","NA","NA","NA","NA","NA","NA","NA","NA","NA","NA","NA","NA","NA","NA","NA","NA","NA","NA","NA","NA","NA","Sample","Post",12,,"M","GOLDEN_RETRIEVER_POODLE","L","Light","Excitable_Friendly","Y","N","NA","Y","Kirkland","N","N","N","NA","South_Jordan"
"DM097-1","DogMouth","16S","NA","NA","NA","NA","NA","NA","NA","NA","NA","NA","NA","NA","NA","NA","NA","NA","NA","NA","NA","NA","NA","NA","NA","NA","NA","NA","NA","NA","NA","NA","NA","NA","NA","NA","NA","NA","NA","NA","Sample","Pre",12,,"M","GOLDEN_RETRIEVER_POODLE","L","Light","Excitable_Friendly","Y","N","NA","Y","Kirkland","N","N","N","NA","South_Jordan"
"DM096-2","DogMouth","16S","NA","NA","NA","NA","NA","NA","NA","NA","NA","NA","NA","NA","NA","NA","NA","NA","NA","NA","NA","NA","NA","NA","NA","NA","NA","NA","NA","NA","NA","NA","NA","NA","NA","NA","NA","NA","NA","NA","Sample","Post",84,,"M","BOXER","L","Sedentary","Calm","Y","Y","Cancer_Arthritis","Y","Blue_Buffalo","Y","N","Y","Dogs","Pleasant_Grove"
"DM096-1","DogMouth","16S","NA","NA","NA","NA","NA","NA","NA","NA","NA","NA","NA","NA","NA","NA","NA","NA","NA","NA","NA","NA","NA","NA","NA","NA","NA","NA","NA","NA","NA","NA","NA","NA","NA","NA","NA","NA","NA","NA","Sample","Pre",84,,"M","BOXER","L","Sedentary","Calm","Y","Y","Cancer_Arthritis","Y","Blue_Buffalo","Y","N","Y","Dogs","Pleasant_Grove"
"DM093-2","DogMouth","16S","NA","NA","NA","NA","NA","NA","NA","NA","NA","NA","NA","NA","NA","NA","NA","NA","NA","NA","NA","NA","NA","NA","NA","NA","NA","NA","NA","NA","NA","NA","NA","NA","NA","NA","NA","NA","NA","NA","Sample","Post",24,,"F","BELGIAN_SHEPHERD_DOG","L","Extremely_Active","Hyper","Y","N","NA","Y","Blue_Buffalo","N","N","Y","Dogs","Pleasant_Grove"
"DM093-1","DogMouth","16S","NA","NA","NA","NA","NA","NA","NA","NA","NA","NA","NA","NA","NA","NA","NA","NA","NA","NA","NA","NA","NA","NA","NA","NA","NA","NA","NA","NA","NA","NA","NA","NA","NA","NA","NA","NA","NA","NA","Sample","Pre",24,,"F","BELGIAN_SHEPHERD_DOG","L","Extremely_Active","Hyper","Y","N","NA","Y","Blue_Buffalo","N","N","Y","Dogs","Pleasant_Grove"
"DM088-2","DogMouth","16S","NA","NA","NA","NA","NA","NA","NA","NA","NA","NA","NA","NA","NA","NA","NA","NA","NA","NA","NA","NA","NA","NA","NA","NA","NA","NA","NA","NA","NA","NA","NA","NA","NA","NA","NA","NA","NA","NA","Sample","Post",18,,"F","LABRADOR_RETRIEVER_Unknown_Mix","L","Moderate","Hyper","Y","N","NA","Y","Victor","N","N","N","NA","Springville"
"DM088-1","DogMouth","16S","NA","NA","NA","NA","NA","NA","NA","NA","NA","NA","NA","NA","NA","NA","NA","NA","NA","NA","NA","NA","NA","NA","NA","NA","NA","NA","NA","NA","NA","NA","NA","NA","NA","NA","NA","NA","NA","NA","Sample","Pre",18,,"F","LABRADOR_RETRIEVER_Unknown_Mix","L","Moderate","Hyper","Y","N","NA","Y","Victor","N","N","N","NA","Springville"
"DM087-2","DogMouth","16S","NA","NA","NA","NA","NA","NA","NA","NA","NA","NA","NA","NA","NA","NA","NA","NA","NA","NA","NA","NA","NA","NA","NA","NA","NA","NA","NA","NA","NA","NA","NA","NA","NA","NA","NA","NA","NA","NA","Sample","Post",84,,"F","WEIMARANER","L","Light","Neurotic","Y","N","NA","Y","Kirkland","N","N","N","NA","Salt_Lake_City"
"DM087-1","DogMouth","16S","NA","NA","NA","NA","NA","NA","NA","NA","NA","NA","NA","NA","NA","NA","NA","NA","NA","NA","NA","NA","NA","NA","NA","NA","NA","NA","NA","NA","NA","NA","NA","NA","NA","NA","NA","NA","NA","NA","Sample","Pre",84,,"F","WEIMARANER","L","Light","Neurotic","Y","N","NA","Y","Kirkland","N","N","N","NA","Salt_Lake_City"
"DM085-2","DogMouth","16S","NA","NA","NA","NA","NA","NA","NA","NA","NA","NA","NA","NA","NA","NA","NA","NA","NA","NA","NA","NA","NA","NA","NA","NA","NA","NA","NA","NA","NA","NA","NA","NA","NA","NA","NA","NA","NA","NA","Sample","Post",16,,"F","BORDER_COLLIE_GERMAN_SHEPHERD_DOG_LABRADOR_RETRIEVER","L","Moderate","Hyper","Y","N","NA","Y","IFA","N","N","Y","Dog_Chickens_Turtle","Elk_Ridge"
"DM085-1","DogMouth","16S","NA","NA","NA","NA","NA","NA","NA","NA","NA","NA","NA","NA","NA","NA","NA","NA","NA","NA","NA","NA","NA","NA","NA","NA","NA","NA","NA","NA","NA","NA","NA","NA","NA","NA","NA","NA","NA","NA","Sample","Pre",16,,"F","BORDER_COLLIE_GERMAN_SHEPHERD_DOG_LABRADOR_RETRIEVER","L","Moderate","Hyper","Y","N","NA","Y","IFA","N","N","Y","Dog_Chickens_Turtle","Elk_Ridge"
"DM084-2","DogMouth","16S","NA","NA","NA","NA","NA","NA","NA","NA","NA","NA","NA","NA","NA","NA","NA","NA","NA","NA","NA","NA","NA","NA","NA","NA","NA","NA","NA","NA","NA","NA","NA","NA","NA","NA","NA","NA","NA","NA","Sample","Post",96,,"F","LABRADOR_RETRIEVER","L","Light","Princess","Y","Y","Arthritis_in_shoulders_possible_hip_displaysia","Y","Kirkland","N","N","Y","Dog","Springville"
"DM084-1","DogMouth","16S","NA","NA","NA","NA","NA","NA","NA","NA","NA","NA","NA","NA","NA","NA","NA","NA","NA","NA","NA","NA","NA","NA","NA","NA","NA","NA","NA","NA","NA","NA","NA","NA","NA","NA","NA","NA","NA","NA","Sample","Pre",96,,"F","LABRADOR_RETRIEVER","L","Light","Princess","Y","Y","Arthritis_in_shoulders_possible_hip_displaysia","Y","Kirkland","N","N","Y","Dog","Springville"
"DM080-2","DogMouth","16S","NA","NA","NA","NA","NA","NA","NA","NA","NA","NA","NA","NA","NA","NA","NA","NA","NA","NA","NA","NA","NA","NA","NA","NA","NA","NA","NA","NA","NA","NA","NA","NA","NA","NA","NA","NA","NA","NA","Sample","Post",108,,"M","AUSTRALIAN_SHEPHERD_BLACK_AND_TAN_COONHOUND","L","Moderate","Nice_Protective","Y","N","NA","Unknown","Purina","N","N","Y","Dog","Lindon"
"DM080-1","DogMouth","16S","NA","NA","NA","NA","NA","NA","NA","NA","NA","NA","NA","NA","NA","NA","NA","NA","NA","NA","NA","NA","NA","NA","NA","NA","NA","NA","NA","NA","NA","NA","NA","NA","NA","NA","NA","NA","NA","NA","Sample","Pre",108,,"M","AUSTRALIAN_SHEPHERD_BLACK_AND_TAN_COONHOUND","L","Moderate","Nice_Protective","Y","N","NA","Unknown","Purina","N","N","Y","Dog","Lindon"
"DM079-2","DogMouth","16S","NA","NA","NA","NA","NA","NA","NA","NA","NA","NA","NA","NA","NA","NA","NA","NA","NA","NA","NA","NA","NA","NA","NA","NA","NA","NA","NA","NA","NA","NA","NA","NA","NA","NA","NA","NA","NA","NA","Sample","Post",54,,"F","LABRADOR_RETRIEVER_Unknown_Mix","R","Moderate","Calm","Y","Y","Amputee","Y","Science_Diet","N","Y","N","NA","Provo"
"DM079-1","DogMouth","16S","NA","NA","NA","NA","NA","NA","NA","NA","NA","NA","NA","NA","NA","NA","NA","NA","NA","NA","NA","NA","NA","NA","NA","NA","NA","NA","NA","NA","NA","NA","NA","NA","NA","NA","NA","NA","NA","NA","Sample","Pre",54,,"F","LABRADOR_RETRIEVER_Unknown_Mix","R","Moderate","Calm","Y","Y","Amputee","Y","Science_Diet","N","Y","N","NA","Provo"
"DM078-2","DogMouth","16S","NA","NA","NA","NA","NA","NA","NA","NA","NA","NA","NA","NA","NA","NA","NA","NA","NA","NA","NA","NA","NA","NA","NA","NA","NA","NA","NA","NA","NA","NA","NA","NA","NA","NA","NA","NA","NA","NA","Sample","Post",24,,"M","GOLDEN_RETRIEVER,POODLE","R","Light","Calm","Y","N","NA","Y","Blue_Buffalo","N","N","N","NA","American_Fork"
"DM078-1","DogMouth","16S","NA","NA","NA","NA","NA","NA","NA","NA","NA","NA","NA","NA","NA","NA","NA","NA","NA","NA","NA","NA","NA","NA","NA","NA","NA","NA","NA","NA","NA","NA","NA","NA","NA","NA","NA","NA","NA","NA","Sample","Pre",24,,"M","GOLDEN_RETRIEVER,POODLE","R","Light","Calm","Y","N","NA","Y","Blue_Buffalo","N","N","N","NA","American_Fork"
"DM077-2","DogMouth","16S","NA","NA","NA","NA","NA","NA","NA","NA","NA","NA","NA","NA","NA","NA","NA","NA","NA","NA","NA","NA","NA","NA","NA","NA","NA","NA","NA","NA","NA","NA","NA","NA","NA","NA","NA","NA","NA","NA","Sample","Post",60,,"F","AUSTRALIAN_SHEPHERD","R","Light","Calm","Y","N","NA","Y","Purina","N","N","Y","Dog","Orem"
"DM077-1","DogMouth","16S","NA","NA","NA","NA","NA","NA","NA","NA","NA","NA","NA","NA","NA","NA","NA","NA","NA","NA","NA","NA","NA","NA","NA","NA","NA","NA","NA","NA","NA","NA","NA","NA","NA","NA","NA","NA","NA","NA","Sample","Pre",60,,"F","AUSTRALIAN_SHEPHERD","R","Light","Calm","Y","N","NA","Y","Purina","N","N","Y","Dog","Orem"
"DM076-2","DogMouth","16S","NA","NA","NA","NA","NA","NA","NA","NA","NA","NA","NA","NA","NA","NA","NA","NA","NA","NA","NA","NA","NA","NA","NA","NA","NA","NA","NA","NA","NA","NA","NA","NA","NA","NA","NA","NA","NA","NA","Sample","Post",50,,"F","AUSTRALIAN_CATTLE_DOG","R","Light","Calm","Y","N","NA","Y","Purina","N","N","Y","Dog","Orem"
"DM076-1","DogMouth","16S","NA","NA","NA","NA","NA","NA","NA","NA","NA","NA","NA","NA","NA","NA","NA","NA","NA","NA","NA","NA","NA","NA","NA","NA","NA","NA","NA","NA","NA","NA","NA","NA","NA","NA","NA","NA","NA","NA","Sample","Pre",50,,"F","AUSTRALIAN_CATTLE_DOG","R","Light","Calm","Y","N","NA","Y","Purina","N","N","Y","Dog","Orem"
"DM074-2","DogMouth","16S","NA","NA","NA","NA","NA","NA","NA","NA","NA","NA","NA","NA","NA","NA","NA","NA","NA","NA","NA","NA","NA","NA","NA","NA","NA","NA","NA","NA","NA","NA","NA","NA","NA","NA","NA","NA","NA","NA","Sample","Post",84,,"F","AUSTRALIAN_SHEPHERD_BORDER_COLLIE","R","M","Timid","N","Y","Severe_Separation_Anziety","Y","Castor_and_Pollux","Y","N","N","NA","Provo"
"DM074-1","DogMouth","16S","NA","NA","NA","NA","NA","NA","NA","NA","NA","NA","NA","NA","NA","NA","NA","NA","NA","NA","NA","NA","NA","NA","NA","NA","NA","NA","NA","NA","NA","NA","NA","NA","NA","NA","NA","NA","NA","NA","Sample","Pre",84,,"F","AUSTRALIAN_SHEPHERD_BORDER_COLLIE","R","M","Timid","N","Y","Severe_Separation_Anziety","Y","Castor_and_Pollux","Y","N","N","NA","Provo"
"DM073-2","DogMouth","16S","NA","NA","NA","NA","NA","NA","NA","NA","NA","NA","NA","NA","NA","NA","NA","NA","NA","NA","NA","NA","NA","NA","NA","NA","NA","NA","NA","NA","NA","NA","NA","NA","NA","NA","NA","NA","NA","NA","Sample","Post",132,,"F","AUSTRALIAN_SHEPHERD_GERMAN_SPITZ_IRISH_RED_SETTER_LABRADOR RETRIEVER,SIBERIAN HUSKY","R","Moderate","Mellow","Y","N","NA","Y","Kirkland","N","N","Y","Cats","Salt_Lake_City"
"DM073-1","DogMouth","16S","NA","NA","NA","NA","NA","NA","NA","NA","NA","NA","NA","NA","NA","NA","NA","NA","NA","NA","NA","NA","NA","NA","NA","NA","NA","NA","NA","NA","NA","NA","NA","NA","NA","NA","NA","NA","NA","NA","Sample","Pre",132,,"F","AUSTRALIAN_SHEPHERD_GERMAN_SPITZ_IRISH_RED_SETTER_LABRADOR RETRIEVER,SIBERIAN HUSKY","R","Moderate","Mellow","Y","N","NA","Y","Kirkland","N","N","Y","Cats","Salt_Lake_City"
"DM072-2","DogMouth","16S","NA","NA","NA","NA","NA","NA","NA","NA","NA","NA","NA","NA","NA","NA","NA","NA","NA","NA","NA","NA","NA","NA","NA","NA","NA","NA","NA","NA","NA","NA","NA","NA","NA","NA","NA","NA","NA","NA","Sample","Post",60,,"F","BOXER","R","Light","Friendly","Y","N","NA","Y","PMI_Nutrition","N","N","Y","Dog_Cat","Elk_Ridge"
"DM072-1","DogMouth","16S","NA","NA","NA","NA","NA","NA","NA","NA","NA","NA","NA","NA","NA","NA","NA","NA","NA","NA","NA","NA","NA","NA","NA","NA","NA","NA","NA","NA","NA","NA","NA","NA","NA","NA","NA","NA","NA","NA","Sample","Pre",60,,"F","BOXER","R","Light","Friendly","Y","N","NA","Y","PMI_Nutrition","N","N","Y","Dog_Cat","Elk_Ridge"
"DM071-2","DogMouth","16S","NA","NA","NA","NA","NA","NA","NA","NA","NA","NA","NA","NA","NA","NA","NA","NA","NA","NA","NA","NA","NA","NA","NA","NA","NA","NA","NA","NA","NA","NA","NA","NA","NA","NA","NA","NA","NA","NA","Sample","Post",24,,"M","Unknown_mix","R","Moderate","Happy","Y","N","NA","Y","Ol_Roy","N","N","Y","Dogs","Pleasant_Grove"
"DM071-1","DogMouth","16S","NA","NA","NA","NA","NA","NA","NA","NA","NA","NA","NA","NA","NA","NA","NA","NA","NA","NA","NA","NA","NA","NA","NA","NA","NA","NA","NA","NA","NA","NA","NA","NA","NA","NA","NA","NA","NA","NA","Sample","Pre",24,,"M","Unknown_Mix","Regular","Moderate","Happy","Y","N","NA","Y","Ol_Roy","N","N","Y","Dogs","Pleasant_Grove"
"DM070-2","DogMouth","16S","NA","NA","NA","NA","NA","NA","NA","NA","NA","NA","NA","NA","NA","NA","NA","NA","NA","NA","NA","NA","NA","NA","NA","NA","NA","NA","NA","NA","NA","NA","NA","NA","NA","NA","NA","NA","NA","NA","Sample","Post",24,,"M","GOLDEN_RETRIEVER,POODLE","R","Light","Mellow","Y","N","NA","Y","Lifes_Abundance","N","N","N","NA","Elk_Ridge"
"DM070-1","DogMouth","16S","NA","NA","NA","NA","NA","NA","NA","NA","NA","NA","NA","NA","NA","NA","NA","NA","NA","NA","NA","NA","NA","NA","NA","NA","NA","NA","NA","NA","NA","NA","NA","NA","NA","NA","NA","NA","NA","NA","Sample","Pre",24,,"M","GOLDEN_RETRIEVER,POODLE","R","Light","Mellow","Y","N","NA","Y","Lifes_Abundance","N","N","N","NA","Elk_Ridge"
"DM054-2","DogMouth","16S","NA","NA","NA","NA","NA","NA","NA","NA","NA","NA","NA","NA","NA","NA","NA","NA","NA","NA","NA","NA","NA","NA","NA","NA","NA","NA","NA","NA","NA","NA","NA","NA","NA","NA","NA","NA","NA","NA","Sample","Post",72,,"F","BORDER_COLLIE","R","Very_Active","Aggressive","Y","N","NA","Unknown","Pedigree","N","N","Y","Dogs","Wallsburg"
"DM052-2","DogMouth","16S","NA","NA","NA","NA","NA","NA","NA","NA","NA","NA","NA","NA","NA","NA","NA","NA","NA","NA","NA","NA","NA","NA","NA","NA","NA","NA","NA","NA","NA","NA","NA","NA","NA","NA","NA","NA","NA","NA","Sample","Pre",72,,"F","BORDER_COLLIE","R","Very_Active","Aggressive","Y","N","NA","Unknown","Pedigree","N","N","Y","Dogs","Wallsburg"
"DM052-1","DogMouth","16S","NA","NA","NA","NA","NA","NA","NA","NA","NA","NA","NA","NA","NA","NA","NA","NA","NA","NA","NA","NA","NA","NA","NA","NA","NA","NA","NA","NA","NA","NA","NA","NA","NA","NA","NA","NA","NA","NA","Sample","Post",60,,"F","WEST_HIGHLAND_WHITE_TERRIER_YORKSHIRE_TERRIER","S","Very_Active","Sweet","Y","N","NA","Y","Unknown","N","N","Y","Dog","Orem"
"DM050-2","DogMouth","16S","NA","NA","NA","NA","NA","NA","NA","NA","NA","NA","NA","NA","NA","NA","NA","NA","NA","NA","NA","NA","NA","NA","NA","NA","NA","NA","NA","NA","NA","NA","NA","NA","NA","NA","NA","NA","NA","NA","Sample","Pre",60,,"F","WEST_HIGHLAND_WHITE_TERRIER_YORKSHIRE_TERRIER","S","Very_Active","Sweet","Y","N","NA","Y","Unknown","N","N","Y","Dog","Orem"
"DM050-1","DogMouth","16S","NA","NA","NA","NA","NA","NA","NA","NA","NA","NA","NA","NA","NA","NA","NA","NA","NA","NA","NA","NA","NA","NA","NA","NA","NA","NA","NA","NA","NA","NA","NA","NA","NA","NA","NA","NA","NA","NA","Sample","Post",12,,"F","DACHSHUND,MINIATURE_PINSCHER","S","Light","Calm","Y","N","NA","Y","Purina","N","N","Y","Dog","Spanish_Fork"
"DM046-2","DogMouth","16S","NA","NA","NA","NA","NA","NA","NA","NA","NA","NA","NA","NA","NA","NA","NA","NA","NA","NA","NA","NA","NA","NA","NA","NA","NA","NA","NA","NA","NA","NA","NA","NA","NA","NA","NA","NA","NA","NA","Sample","Pre",12,,"F","DACHSHUND,MINIATURE_PINSCHER","S","Light","Calm","Y","N","NA","Y","Purina","N","N","Y","Dog","Spanish_Fork"
"DM046-1","DogMouth","16S","NA","NA","NA","NA","NA","NA","NA","NA","NA","NA","NA","NA","NA","NA","NA","NA","NA","NA","NA","NA","NA","NA","NA","NA","NA","NA","NA","NA","NA","NA","NA","NA","NA","NA","NA","NA","NA","NA","Sample","Post",8,,"F","AUSTRALIAN_SHEPHERD","S","Very_Active","Happy","Y","N","NA","Y","Natures_Domain","N","Y","N","NA","Sandy"
"DM043-2","DogMouth","16S","NA","NA","NA","NA","NA","NA","NA","NA","NA","NA","NA","NA","NA","NA","NA","NA","NA","NA","NA","NA","NA","NA","NA","NA","NA","NA","NA","NA","NA","NA","NA","NA","NA","NA","NA","NA","NA","NA","Sample","Pre",8,,"F","AUSTRALIAN_SHEPHERD","S","Very_Active","Happy","Y","N","NA","Y","Natures_Domain","N","Y","N","NA","Sandy"
"DM043-1","DogMouth","16S","NA","NA","NA","NA","NA","NA","NA","NA","NA","NA","NA","NA","NA","NA","NA","NA","NA","NA","NA","NA","NA","NA","NA","NA","NA","NA","NA","NA","NA","NA","NA","NA","NA","NA","NA","NA","NA","NA","Sample","Post",60,,"M","WEST_HIGHLAND_WHITE_TERRIER_YORKSHIRE_TERRIER","S","Very_Active","Happy","Y","N","NA","Y","Unknown","N","N","Y","Dog","Orem"
"DM042-2","DogMouth","16S","NA","NA","NA","NA","NA","NA","NA","NA","NA","NA","NA","NA","NA","NA","NA","NA","NA","NA","NA","NA","NA","NA","NA","NA","NA","NA","NA","NA","NA","NA","NA","NA","NA","NA","NA","NA","NA","NA","Sample","Pre",60,,"M","WEST_HIGHLAND_WHITE_TERRIER_YORKSHIRE_TERRIER","S","Very_Active","Happy","Y","N","NA","Y","Unknown","N","N","Y","Dog","Orem"
"DM042-1","DogMouth","16S","NA","NA","NA","NA","NA","NA","NA","NA","NA","NA","NA","NA","NA","NA","NA","NA","NA","NA","NA","NA","NA","NA","NA","NA","NA","NA","NA","NA","NA","NA","NA","NA","NA","NA","NA","NA","NA","NA","Sample","Post",108,,"F","AUSTRALIAN_SHEPHERD","S","Light","Shy","Y","N","NA","Y","Kirkland_ Natures_Domain","N","N","Y","Dogs","Eagle_Mountain"
"DM039-2","DogMouth","16S","NA","NA","NA","NA","NA","NA","NA","NA","NA","NA","NA","NA","NA","NA","NA","NA","NA","NA","NA","NA","NA","NA","NA","NA","NA","NA","NA","NA","NA","NA","NA","NA","NA","NA","NA","NA","NA","NA","Sample","Pre",108,,"F","AUSTRALIAN_SHEPHERD","S","Light","Shy","Y","N","NA","Y","Kirkland_ Natures_Domain","N","N","Y","Dogs","Eagle_Mountain"
"DM039-1","DogMouth","16S","NA","NA","NA","NA","NA","NA","NA","NA","NA","NA","NA","NA","NA","NA","NA","NA","NA","NA","NA","NA","NA","NA","NA","NA","NA","NA","NA","NA","NA","NA","NA","NA","NA","NA","NA","NA","NA","NA","Sample","Post",72,,"F","JACK_RUSSELL_TERRIER","S","Light","Sedentary","Y","N","NA","Y","Purina","Y","N","Y","Dog","Elk_Ridge"
"DM038-2","DogMouth","16S","NA","NA","NA","NA","NA","NA","NA","NA","NA","NA","NA","NA","NA","NA","NA","NA","NA","NA","NA","NA","NA","NA","NA","NA","NA","NA","NA","NA","NA","NA","NA","NA","NA","NA","NA","NA","NA","NA","Sample","Pre",72,,"F","JACK_RUSSELL_TERRIER","S","Light","Sedentary","Y","N","NA","Y","Purina","Y","N","Y","Dog","Elk_Ridge"
"DM038-1","DogMouth","16S","NA","NA","NA","NA","NA","NA","NA","NA","NA","NA","NA","NA","NA","NA","NA","NA","NA","NA","NA","NA","NA","NA","NA","NA","NA","NA","NA","NA","NA","NA","NA","NA","NA","NA","NA","NA","NA","NA","Sample","Post",12,,"M","AUSTRALIAN_SHEPHERD_POODLE","S","Very_Active","Energetic","N","N","NA","Y","Natures_Domain","N","N","N","NA","Orem"
"DM035-2","DogMouth","16S","NA","NA","NA","NA","NA","NA","NA","NA","NA","NA","NA","NA","NA","NA","NA","NA","NA","NA","NA","NA","NA","NA","NA","NA","NA","NA","NA","NA","NA","NA","NA","NA","NA","NA","NA","NA","NA","NA","Sample","Pre",12,,"M","AUSTRALIAN_SHEPHERD_POODLE","S","Very_Active","Energetic","N","N","NA","Y","Natures_Domain","N","N","N","NA","Orem"
"DM035-1","DogMouth","16S","NA","NA","NA","NA","NA","NA","NA","NA","NA","NA","NA","NA","NA","NA","NA","NA","NA","NA","NA","NA","NA","NA","NA","NA","NA","NA","NA","NA","NA","NA","NA","NA","NA","NA","NA","NA","NA","NA","Sample","Post",24,,"F","AMERICAN_STAFFORDSHIRE_TERRIER_DACHSHUND","S","Moderate","Hyper","Y","N","NA","Y","Simply_Nourish","N","Y","Y","Dogs","Lehi"
"DM034-1","DogMouth","16S","NA","NA","NA","NA","NA","NA","NA","NA","NA","NA","NA","NA","NA","NA","NA","NA","NA","NA","NA","NA","NA","NA","NA","NA","NA","NA","NA","NA","NA","NA","NA","NA","NA","NA","NA","NA","NA","NA","Sample","Pre",24,,"F","AMERICAN_STAFFORDSHIRE_TERRIER_DACHSHUND","S","Moderate","Hyper","Y","N","NA","Y","Simply_Nourish","N","Y","Y","Dogs","Lehi"
"DM029-2","DogMouth","16S","NA","NA","NA","NA","NA","NA","NA","NA","NA","NA","NA","NA","NA","NA","NA","NA","NA","NA","NA","NA","NA","NA","NA","NA","NA","NA","NA","NA","NA","NA","NA","NA","NA","NA","NA","NA","NA","NA","Sample","Post",60,,"M","DACHSHUND","S","Moderate","Calm","Y","Y","Heart_Murmur_Alopecia","Y","Simply_Nourish","Yes","Yes","Y","Dogs","Lehi"
"DM029-1","DogMouth","16S","NA","NA","NA","NA","NA","NA","NA","NA","NA","NA","NA","NA","NA","NA","NA","NA","NA","NA","NA","NA","NA","NA","NA","NA","NA","NA","NA","NA","NA","NA","NA","NA","NA","NA","NA","NA","NA","NA","Sample","Pre",60,,"M","DACHSHUND","S","Moderate","Calm","Y","Y","Heart_Murmur_Alopecia","Y","Simply_Nourish","Yes","Yes","Y","Dogs","Lehi"
"DM027-1","DogMouth","16S","NA","NA","NA","NA","NA","NA","NA","NA","NA","NA","NA","NA","NA","NA","NA","NA","NA","NA","NA","NA","NA","NA","NA","NA","NA","NA","NA","NA","NA","NA","NA","NA","NA","NA","NA","NA","NA","NA","Sample","Post",108,,"F","SHIH_TZU","M","Sedentary","Calm","Y","N","NA","Y","Merrick","N","N","Y","Dogs","Wallsburg"
"DM025-2","DogMouth","16S","NA","NA","NA","NA","NA","NA","NA","NA","NA","NA","NA","NA","NA","NA","NA","NA","NA","NA","NA","NA","NA","NA","NA","NA","NA","NA","NA","NA","NA","NA","NA","NA","NA","NA","NA","NA","NA","NA","Sample","Pre",108,,"F","SHIH_TZU","M","Sedentary","Calm","Y","N","NA","Y","Merrick","N","N","Y","Dogs","Wallsburg"
"DM025-1","DogMouth","16S","NA","NA","NA","NA","NA","NA","NA","NA","NA","NA","NA","NA","NA","NA","NA","NA","NA","NA","NA","NA","NA","NA","NA","NA","NA","NA","NA","NA","NA","NA","NA","NA","NA","NA","NA","NA","NA","NA","Sample","Post",36,,"F","CHIHUAHUA_MINIATURE_PINSCHER","M","Extremely_Active","Hyper","N","N","NA","Unknown","Purina","N","N","Y","Dog","Lindon"
"DM023-2","DogMouth","16S","NA","NA","NA","NA","NA","NA","NA","NA","NA","NA","NA","NA","NA","NA","NA","NA","NA","NA","NA","NA","NA","NA","NA","NA","NA","NA","NA","NA","NA","NA","NA","NA","NA","NA","NA","NA","NA","NA","Sample","Pre",36,,"F","CHIHUAHUA_MINIATURE_PINSCHER","M","Extremely_Active","Hyper","N","N","NA","Unknown","Purina","N","N","Y","Dog","Lindon"
"DM023-1","DogMouth","16S","NA","NA","NA","NA","NA","NA","NA","NA","NA","NA","NA","NA","NA","NA","NA","NA","NA","NA","NA","NA","NA","NA","NA","NA","NA","NA","NA","NA","NA","NA","NA","NA","NA","NA","NA","NA","NA","NA","Sample","Post",6,,"M","DACHSHUND","M","Light","Calm","N","N","NA","Unknown","Purina","N","N","Y","Dog","Spanish_Fork"
"DM022-2","DogMouth","16S","NA","NA","NA","NA","NA","NA","NA","NA","NA","NA","NA","NA","NA","NA","NA","NA","NA","NA","NA","NA","NA","NA","NA","NA","NA","NA","NA","NA","NA","NA","NA","NA","NA","NA","NA","NA","NA","NA","Sample","Pre",6,,"M","DACHSHUND","M","Light","Calm","N","N","NA","Unknown","Purina","N","N","Y","Dog","Spanish_Fork"
"DM021-2","DogMouth","16S","NA","NA","NA","NA","NA","NA","NA","NA","NA","NA","NA","NA","NA","NA","NA","NA","NA","NA","NA","NA","NA","NA","NA","NA","NA","NA","NA","NA","NA","NA","NA","NA","NA","NA","NA","NA","NA","NA","Sample","Post",144,,"F","DACHSHUND","M","Light","Calm","Y","Y","Heart_Murmur","Y","Kirkland_ Natures_Domain","Y","N","Y","Dogs","Eagle_Mountain"
"DM021-1","DogMouth","16S","NA","NA","NA","NA","NA","NA","NA","NA","NA","NA","NA","NA","NA","NA","NA","NA","NA","NA","NA","NA","NA","NA","NA","NA","NA","NA","NA","NA","NA","NA","NA","NA","NA","NA","NA","NA","NA","NA","Sample","Pre",144,,"F","DACHSHUND","M","Light","Calm","Y","Y","Heart_Murmur","Y","Kirkland_ Natures_Domain","Y","N","Y","Dogs","Eagle_Mountain"
"DM020-2","DogMouth","16S","NA","NA","NA","NA","NA","NA","NA","NA","NA","NA","NA","NA","NA","NA","NA","NA","NA","NA","NA","NA","NA","NA","NA","NA","NA","NA","NA","NA","NA","NA","NA","NA","NA","NA","NA","NA","NA","NA","Sample","Post",48,,"F","CHIHUAHUA_DACHSHUND","M","Moderate","Friendly","Y","N","NA","Y","Kirkland","N","Y","Y","Dog","Spanish_Fork"
"DM020-1","DogMouth","16S","NA","NA","NA","NA","NA","NA","NA","NA","NA","NA","NA","NA","NA","NA","NA","NA","NA","NA","NA","NA","NA","NA","NA","NA","NA","NA","NA","NA","NA","NA","NA","NA","NA","NA","NA","NA","NA","NA","Sample","Pre",48,,"F","CHIHUAHUA_DACHSHUND","M","Moderate","Friendly","Y","N","NA","Y","Kirkland","N","Y","Y","Dog","Spanish_Fork"
"DM018-2","DogMouth","16S","NA","NA","NA","NA","NA","NA","NA","NA","NA","NA","NA","NA","NA","NA","NA","NA","NA","NA","NA","NA","NA","NA","NA","NA","NA","NA","NA","NA","NA","NA","NA","NA","NA","NA","NA","NA","NA","NA","Sample","Post",108,,"F","CHIHUAHUA","M","Light","Protective","Y","Y","Patella_Luxation","Y","Natures_Recipe","Y","Y","N","NA","Orem"
"DM018-1","DogMouth","16S","NA","NA","NA","NA","NA","NA","NA","NA","NA","NA","NA","NA","NA","NA","NA","NA","NA","NA","NA","NA","NA","NA","NA","NA","NA","NA","NA","NA","NA","NA","NA","NA","NA","NA","NA","NA","NA","NA","Sample","Pre",108,,"F","CHIHUAHUA","M","Light","Protective","Y","Y","Patella_Luxation","Y","Natures_Recipe","Y","Y","N","NA","Orem"
"DM015-2","DogMouth","16S","NA","NA","NA","NA","NA","NA","NA","NA","NA","NA","NA","NA","NA","NA","NA","NA","NA","NA","NA","NA","NA","NA","NA","NA","NA","NA","NA","NA","NA","NA","NA","NA","NA","NA","NA","NA","NA","NA","Sample","Post",36,,"M","YORKSHIRE_TERRIER","M","Light","Hyper","Y","N","NA","N","Freshpet","N","N","Y","Cat","Orem"
"DM015-1","DogMouth","16S","NA","NA","NA","NA","NA","NA","NA","NA","NA","NA","NA","NA","NA","NA","NA","NA","NA","NA","NA","NA","NA","NA","NA","NA","NA","NA","NA","NA","NA","NA","NA","NA","NA","NA","NA","NA","NA","NA","Sample","Pre",36,,"M","YORKSHIRE_TERRIER","M","Light","Hyper","Y","N","NA","N","Freshpet","N","N","Y","Cat","Orem"
"DM012-2","DogMouth","16S","NA","NA","NA","NA","NA","NA","NA","NA","NA","NA","NA","NA","NA","NA","NA","NA","NA","NA","NA","NA","NA","NA","NA","NA","NA","NA","NA","NA","NA","NA","NA","NA","NA","NA","NA","NA","NA","NA","Sample","Post",16,,"F","SHIH_TZU","M","Light","Hyper","Y","Y","Frequent_UTI","Y","IAMS","N","N","N","NA","Provo"
"DM012-1","DogMouth","16S","NA","NA","NA","NA","NA","NA","NA","NA","NA","NA","NA","NA","NA","NA","NA","NA","NA","NA","NA","NA","NA","NA","NA","NA","NA","NA","NA","NA","NA","NA","NA","NA","NA","NA","NA","NA","NA","NA","Sample","Pre",16,,"F","SHIH_TZU","M","Light","Hyper","Y","Y","Frequent_UTI","Y","IAMS","N","N","N","NA","Provo"
"DM004-2","DogMouth","16S","NA","NA","NA","NA","NA","NA","NA","NA","NA","NA","NA","NA","NA","NA","NA","NA","NA","NA","NA","NA","NA","NA","NA","NA","NA","NA","NA","NA","NA","NA","NA","NA","NA","NA","NA","NA","NA","NA","Sample","Post",72,,"M","SHIH_TZU","M","Light","Friendly","Y","N","NA","Y","Kirkland","N","N","Y","Dog","Santaquin"
"DM004-1","DogMouth","16S","NA","NA","NA","NA","NA","NA","NA","NA","NA","NA","NA","NA","NA","NA","NA","NA","NA","NA","NA","NA","NA","NA","NA","NA","NA","NA","NA","NA","NA","NA","NA","NA","NA","NA","NA","NA","NA","NA","Sample","Pre",72,,"M","SHIH_TZU","M","Light","Friendly","Y","N","NA","Y","Kirkland","N","N","Y","Dog","Santaquin"
"DM001-2","DogMouth","16S","NA","NA","NA","NA","NA","NA","NA","NA","NA","NA","NA","NA","NA","NA","NA","NA","NA","NA","NA","NA","NA","NA","NA","NA","NA","NA","NA","NA","NA","NA","NA","NA","NA","NA","NA","NA","NA","NA","Sample","Post",6,,"F","BORDER_COLLIE","M","Extremely_Active","Hyper","N","N","NA","Y","Blue_Buffalo","N","N","Y","Dogs","Pleasant_Grove"
"DM001-1","DogMouth","16S","NA","NA","NA","NA","NA","NA","NA","NA","NA","NA","NA","NA","NA","NA","NA","NA","NA","NA","NA","NA","NA","NA","NA","NA","NA","NA","NA","NA","NA","NA","NA","NA","NA","NA","NA","NA","NA","NA","Sample","Pre",6,,"F","BORDER_COLLIE","M","Extremely_Active","Hyper","N","N","NA","Y","Blue_Buffalo","N","N","Y","Dogs","Pleasant_Grove"
"DM000-9","DogMouth","16S","NA","NA","NA","NA","NA","NA","NA","NA","NA","NA","NA","NA","NA","NA","NA","NA","NA","NA","NA","NA","NA","NA","NA","NA","NA","NA","NA","NA","NA","NA","NA","NA","NA","NA","NA","NA","NA","NA","Treat","Control","NA","NA","NA","NA","NA","NA","NA","NA","NA","NA","NA","NA","NA","NA","NA","NA","Orem"
"DM000-8","DogMouth","16S","NA","NA","NA","NA","NA","NA","NA","NA","NA","NA","NA","NA","NA","NA","NA","NA","NA","NA","NA","NA","NA","NA","NA","NA","NA","NA","NA","NA","NA","NA","NA","NA","NA","NA","NA","NA","NA","NA","Treat","Control","NA","NA","NA","NA","NA","NA","NA","NA","NA","NA","NA","NA","NA","NA","NA","NA","Orem"
"DM000-7","DogMouth","16S","NA","NA","NA","NA","NA","NA","NA","NA","NA","NA","NA","NA","NA","NA","NA","NA","NA","NA","NA","NA","NA","NA","NA","NA","NA","NA","NA","NA","NA","NA","NA","NA","NA","NA","NA","NA","NA","NA","Treat","Control","NA","NA","NA","NA","NA","NA","NA","NA","NA","NA","NA","NA","NA","NA","NA","NA","Orem"
"DM000-6","DogMouth","16S","NA","NA","NA","NA","NA","NA","NA","NA","NA","NA","NA","NA","NA","NA","NA","NA","NA","NA","NA","NA","NA","NA","NA","NA","NA","NA","NA","NA","NA","NA","NA","NA","NA","NA","NA","NA","NA","NA","Treat","Control","NA","NA","NA","NA","NA","NA","NA","NA","NA","NA","NA","NA","NA","NA","NA","NA","Orem"
"DM000-5","DogMouth","16S","NA","NA","NA","NA","NA","NA","NA","NA","NA","NA","NA","NA","NA","NA","NA","NA","NA","NA","NA","NA","NA","NA","NA","NA","NA","NA","NA","NA","NA","NA","NA","NA","NA","NA","NA","NA","NA","NA","Treat","Control","NA","NA","NA","NA","NA","NA","NA","NA","NA","NA","NA","NA","NA","NA","NA","NA","Orem"
"DM000-4","DogMouth","16S","NA","NA","NA","NA","NA","NA","NA","NA","NA","NA","NA","NA","NA","NA","NA","NA","NA","NA","NA","NA","NA","NA","NA","NA","NA","NA","NA","NA","NA","NA","NA","NA","NA","NA","NA","NA","NA","NA","Treat","Control","NA","NA","NA","NA","NA","NA","NA","NA","NA","NA","NA","NA","NA","NA","NA","NA","Orem"
"DM000-3","DogMouth","16S","NA","NA","NA","NA","NA","NA","NA","NA","NA","NA","NA","NA","NA","NA","NA","NA","NA","NA","NA","NA","NA","NA","NA","NA","NA","NA","NA","NA","NA","NA","NA","NA","NA","NA","NA","NA","NA","NA","Treat","Control","NA","NA","NA","NA","NA","NA","NA","NA","NA","NA","NA","NA","NA","NA","NA","NA","Orem"
"DM000-2","DogMouth","16S","NA","NA","NA","NA","NA","NA","NA","NA","NA","NA","NA","NA","NA","NA","NA","NA","NA","NA","NA","NA","NA","NA","NA","NA","NA","NA","NA","NA","NA","NA","NA","NA","NA","NA","NA","NA","NA","NA","Treat","Control","NA","NA","NA","NA","NA","NA","NA","NA","NA","NA","NA","NA","NA","NA","NA","NA","Orem"
"DM000-12","DogMouth","16S","NA","NA","NA","NA","NA","NA","NA","NA","NA","NA","NA","NA","NA","NA","NA","NA","NA","NA","NA","NA","NA","NA","NA","NA","NA","NA","NA","NA","NA","NA","NA","NA","NA","NA","NA","NA","NA","NA","Treat","Control","NA","NA","NA","NA","NA","NA","NA","NA","NA","NA","NA","NA","NA","NA","N","NA","Orem"
"DM000-11","DogMouth","16S","NA","NA","NA","NA","NA","NA","NA","NA","NA","NA","NA","NA","NA","NA","NA","NA","NA","NA","NA","NA","NA","NA","NA","NA","NA","NA","NA","NA","NA","NA","NA","NA","NA","NA","NA","NA","NA","NA","Treat","Control","NA","NA","NA","NA","NA","NA","NA","NA","NA","NA","NA","NA","NA","NA","NA","NA","Orem"
"DM000-10","DogMouth","16S","NA","NA","NA","NA","NA","NA","NA","NA","NA","NA","NA","NA","NA","NA","NA","NA","NA","NA","NA","NA","NA","NA","NA","NA","NA","NA","NA","NA","NA","NA","NA","NA","NA","NA","NA","NA","NA","NA","Treat","Control","NA","NA","NA","NA","NA","NA","NA","NA","NA","NA","NA","NA","NA","NA","NA","NA","Orem"
"DM000-1","DogMouth","16S","NA","NA","NA","NA","NA","NA","NA","NA","NA","NA","NA","NA","NA","NA","NA","NA","NA","NA","NA","NA","NA","NA","NA","NA","NA","NA","NA","NA","NA","NA","NA","NA","NA","NA","NA","NA","NA","NA","Treat","Control","NA","NA","NA","NA","NA","NA","NA","NA","NA","NA","NA","NA","NA","NA","NA","NA","Orem"
