Sample Name*,Index #1 Name,Index #1 Sequence,Index #2 Name,Index #2 Sequence,Project,Amplicon,NegativeControl,Tree_Species,BurnYear,Latitude,Longitude,Field_Office,BLM_Fire_Name,Tracking_Number,alpha-pinene,para-cymene,alpha-terpineol,cedr-9-ene,alpha-cedrene,beta-cedrene,cis-thujopsene,alpha-himachalene,beta-chamigrene,cuparene,compound 1,alpha-chamigrene,widdrol,cedrol,beta-acorenol,alpha-acorenol,gamma-eudesmol,beta-eudesmol,alpha-eudesmol,cedr-8-en-13-ol,cedr-8-en-15-ol,compound 2,thujopsenal,Yield_percent,Bolt_Surface_Area_cm2,Raw_Exit_Holes_per_cm2,Raw_Exit_Holes,Living_Larvae,ChemTotal,ChemMean,YearsSinceBurn
DM077-1,i7_A701,GAGAGTTA,i5_A501,ATCGTACG,DogMouth,16S,FALSE,NA,NA,NA,NA,NA,NA,NA,NA,NA,NA,NA,NA,NA,NA,NA,NA,NA,NA,NA,NA,NA,NA,NA,NA,NA,NA,NA,NA,NA,NA,NA,NA,NA,NA,NA,NA,NA,NA
DM052-2,i7_A702,ACATAGTA,i5_A501,ATCGTACG,DogMouth,16S,FALSE,NA,NA,NA,NA,NA,NA,NA,NA,NA,NA,NA,NA,NA,NA,NA,NA,NA,NA,NA,NA,NA,NA,NA,NA,NA,NA,NA,NA,NA,NA,NA,NA,NA,NA,NA,NA,NA,NA
DM015-2,i7_A703,CGCTACTA,i5_A501,ATCGTACG,DogMouth,16S,FALSE,NA,NA,NA,NA,NA,NA,NA,NA,NA,NA,NA,NA,NA,NA,NA,NA,NA,NA,NA,NA,NA,NA,NA,NA,NA,NA,NA,NA,NA,NA,NA,NA,NA,NA,NA,NA,NA,NA
DM076-2,i7_A704,CTCACTGA,i5_A501,ATCGTACG,DogMouth,16S,FALSE,NA,NA,NA,NA,NA,NA,NA,NA,NA,NA,NA,NA,NA,NA,NA,NA,NA,NA,NA,NA,NA,NA,NA,NA,NA,NA,NA,NA,NA,NA,NA,NA,NA,NA,NA,NA,NA,NA
DM000-5,i7_A705,GAGTACGA,i5_A501,ATCGTACG,DogMouth,16S,FALSE,NA,NA,NA,NA,NA,NA,NA,NA,NA,NA,NA,NA,NA,NA,NA,NA,NA,NA,NA,NA,NA,NA,NA,NA,NA,NA,NA,NA,NA,NA,NA,NA,NA,NA,NA,NA,NA,NA
DM020-1,i7_A706,TGCGTAGA,i5_A501,ATCGTACG,DogMouth,16S,FALSE,NA,NA,NA,NA,NA,NA,NA,NA,NA,NA,NA,NA,NA,NA,NA,NA,NA,NA,NA,NA,NA,NA,NA,NA,NA,NA,NA,NA,NA,NA,NA,NA,NA,NA,NA,NA,NA,NA
DM021-2,i7_A707,AGTCTCCA,i5_A501,ATCGTACG,DogMouth,16S,FALSE,NA,NA,NA,NA,NA,NA,NA,NA,NA,NA,NA,NA,NA,NA,NA,NA,NA,NA,NA,NA,NA,NA,NA,NA,NA,NA,NA,NA,NA,NA,NA,NA,NA,NA,NA,NA,NA,NA
DM099-1,i7_A708,GAGCGACA,i5_A501,ATCGTACG,DogMouth,16S,FALSE,NA,NA,NA,NA,NA,NA,NA,NA,NA,NA,NA,NA,NA,NA,NA,NA,NA,NA,NA,NA,NA,NA,NA,NA,NA,NA,NA,NA,NA,NA,NA,NA,NA,NA,NA,NA,NA,NA
DM085-1,i7_A709,CTACGACA,i5_A501,ATCGTACG,DogMouth,16S,FALSE,NA,NA,NA,NA,NA,NA,NA,NA,NA,NA,NA,NA,NA,NA,NA,NA,NA,NA,NA,NA,NA,NA,NA,NA,NA,NA,NA,NA,NA,NA,NA,NA,NA,NA,NA,NA,NA,NA
DM000-1,i7_A710,TCTGCTAA,i5_A501,ATCGTACG,DogMouth,16S,FALSE,NA,NA,NA,NA,NA,NA,NA,NA,NA,NA,NA,NA,NA,NA,NA,NA,NA,NA,NA,NA,NA,NA,NA,NA,NA,NA,NA,NA,NA,NA,NA,NA,NA,NA,NA,NA,NA,NA
DM085-2,i7_A711,TCTATGAA,i5_A501,ATCGTACG,DogMouth,16S,FALSE,NA,NA,NA,NA,NA,NA,NA,NA,NA,NA,NA,NA,NA,NA,NA,NA,NA,NA,NA,NA,NA,NA,NA,NA,NA,NA,NA,NA,NA,NA,NA,NA,NA,NA,NA,NA,NA,NA
DM054-2,i7_A712,ATAGCGAA,i5_A501,ATCGTACG,DogMouth,16S,FALSE,NA,NA,NA,NA,NA,NA,NA,NA,NA,NA,NA,NA,NA,NA,NA,NA,NA,NA,NA,NA,NA,NA,NA,NA,NA,NA,NA,NA,NA,NA,NA,NA,NA,NA,NA,NA,NA,NA
DM080-1,i7_A701,GAGAGTTA,i5_A502,ACTATCTG,DogMouth,16S,FALSE,NA,NA,NA,NA,NA,NA,NA,NA,NA,NA,NA,NA,NA,NA,NA,NA,NA,NA,NA,NA,NA,NA,NA,NA,NA,NA,NA,NA,NA,NA,NA,NA,NA,NA,NA,NA,NA,NA
DM023-2,i7_A702,ACATAGTA,i5_A502,ACTATCTG,DogMouth,16S,FALSE,NA,NA,NA,NA,NA,NA,NA,NA,NA,NA,NA,NA,NA,NA,NA,NA,NA,NA,NA,NA,NA,NA,NA,NA,NA,NA,NA,NA,NA,NA,NA,NA,NA,NA,NA,NA,NA,NA
DM012-2,i7_A703,CGCTACTA,i5_A502,ACTATCTG,DogMouth,16S,FALSE,NA,NA,NA,NA,NA,NA,NA,NA,NA,NA,NA,NA,NA,NA,NA,NA,NA,NA,NA,NA,NA,NA,NA,NA,NA,NA,NA,NA,NA,NA,NA,NA,NA,NA,NA,NA,NA,NA
DM098-1,i7_A704,CTCACTGA,i5_A502,ACTATCTG,DogMouth,16S,FALSE,NA,NA,NA,NA,NA,NA,NA,NA,NA,NA,NA,NA,NA,NA,NA,NA,NA,NA,NA,NA,NA,NA,NA,NA,NA,NA,NA,NA,NA,NA,NA,NA,NA,NA,NA,NA,NA,NA
DM039-1,i7_A705,GAGTACGA,i5_A502,ACTATCTG,DogMouth,16S,FALSE,NA,NA,NA,NA,NA,NA,NA,NA,NA,NA,NA,NA,NA,NA,NA,NA,NA,NA,NA,NA,NA,NA,NA,NA,NA,NA,NA,NA,NA,NA,NA,NA,NA,NA,NA,NA,NA,NA
DM-MOCK,i7_A706,TGCGTAGA,i5_A502,ACTATCTG,Mock,16S,FALSE,NA,NA,NA,NA,NA,NA,NA,NA,NA,NA,NA,NA,NA,NA,NA,NA,NA,NA,NA,NA,NA,NA,NA,NA,NA,NA,NA,NA,NA,NA,NA,NA,NA,NA,NA,NA,NA,NA
DM042-1,i7_A707,AGTCTCCA,i5_A502,ACTATCTG,DogMouth,16S,FALSE,NA,NA,NA,NA,NA,NA,NA,NA,NA,NA,NA,NA,NA,NA,NA,NA,NA,NA,NA,NA,NA,NA,NA,NA,NA,NA,NA,NA,NA,NA,NA,NA,NA,NA,NA,NA,NA,NA
DMNEG-3,i7_A708,GAGCGACA,i5_A502,ACTATCTG,DogMouth,16S,TRUE,NA,NA,NA,NA,NA,NA,NA,NA,NA,NA,NA,NA,NA,NA,NA,NA,NA,NA,NA,NA,NA,NA,NA,NA,NA,NA,NA,NA,NA,NA,NA,NA,NA,NA,NA,NA,NA,NA
DM022-2,i7_A709,CTACGACA,i5_A502,ACTATCTG,DogMouth,16S,FALSE,NA,NA,NA,NA,NA,NA,NA,NA,NA,NA,NA,NA,NA,NA,NA,NA,NA,NA,NA,NA,NA,NA,NA,NA,NA,NA,NA,NA,NA,NA,NA,NA,NA,NA,NA,NA,NA,NA
DM079-1,i7_A710,TCTGCTAA,i5_A502,ACTATCTG,DogMouth,16S,FALSE,NA,NA,NA,NA,NA,NA,NA,NA,NA,NA,NA,NA,NA,NA,NA,NA,NA,NA,NA,NA,NA,NA,NA,NA,NA,NA,NA,NA,NA,NA,NA,NA,NA,NA,NA,NA,NA,NA
DM088-1,i7_A711,TCTATGAA,i5_A502,ACTATCTG,DogMouth,16S,FALSE,NA,NA,NA,NA,NA,NA,NA,NA,NA,NA,NA,NA,NA,NA,NA,NA,NA,NA,NA,NA,NA,NA,NA,NA,NA,NA,NA,NA,NA,NA,NA,NA,NA,NA,NA,NA,NA,NA
DN034-1,i7_A712,ATAGCGAA,i5_A502,ACTATCTG,DogMouth,16S,FALSE,NA,NA,NA,NA,NA,NA,NA,NA,NA,NA,NA,NA,NA,NA,NA,NA,NA,NA,NA,NA,NA,NA,NA,NA,NA,NA,NA,NA,NA,NA,NA,NA,NA,NA,NA,NA,NA,NA
DM025-2,i7_A701,GAGAGTTA,i5_A503,TAGCGAGT,DogMouth,16S,FALSE,NA,NA,NA,NA,NA,NA,NA,NA,NA,NA,NA,NA,NA,NA,NA,NA,NA,NA,NA,NA,NA,NA,NA,NA,NA,NA,NA,NA,NA,NA,NA,NA,NA,NA,NA,NA,NA,NA
DM079-2,i7_A702,ACATAGTA,i5_A503,TAGCGAGT,DogMouth,16S,FALSE,NA,NA,NA,NA,NA,NA,NA,NA,NA,NA,NA,NA,NA,NA,NA,NA,NA,NA,NA,NA,NA,NA,NA,NA,NA,NA,NA,NA,NA,NA,NA,NA,NA,NA,NA,NA,NA,NA
DM004-2,i7_A703,CGCTACTA,i5_A503,TAGCGAGT,DogMouth,16S,FALSE,NA,NA,NA,NA,NA,NA,NA,NA,NA,NA,NA,NA,NA,NA,NA,NA,NA,NA,NA,NA,NA,NA,NA,NA,NA,NA,NA,NA,NA,NA,NA,NA,NA,NA,NA,NA,NA,NA
DM020-2,i7_A704,CTCACTGA,i5_A503,TAGCGAGT,DogMouth,16S,FALSE,NA,NA,NA,NA,NA,NA,NA,NA,NA,NA,NA,NA,NA,NA,NA,NA,NA,NA,NA,NA,NA,NA,NA,NA,NA,NA,NA,NA,NA,NA,NA,NA,NA,NA,NA,NA,NA,NA
DM050-2,i7_A705,GAGTACGA,i5_A503,TAGCGAGT,DogMouth,16S,FALSE,NA,NA,NA,NA,NA,NA,NA,NA,NA,NA,NA,NA,NA,NA,NA,NA,NA,NA,NA,NA,NA,NA,NA,NA,NA,NA,NA,NA,NA,NA,NA,NA,NA,NA,NA,NA,NA,NA
DM078-2,i7_A706,TGCGTAGA,i5_A503,TAGCGAGT,DogMouth,16S,FALSE,NA,NA,NA,NA,NA,NA,NA,NA,NA,NA,NA,NA,NA,NA,NA,NA,NA,NA,NA,NA,NA,NA,NA,NA,NA,NA,NA,NA,NA,NA,NA,NA,NA,NA,NA,NA,NA,NA
DM038-1,i7_A707,AGTCTCCA,i5_A503,TAGCGAGT,DogMouth,16S,FALSE,NA,NA,NA,NA,NA,NA,NA,NA,NA,NA,NA,NA,NA,NA,NA,NA,NA,NA,NA,NA,NA,NA,NA,NA,NA,NA,NA,NA,NA,NA,NA,NA,NA,NA,NA,NA,NA,NA
DMNEG-4,i7_A708,GAGCGACA,i5_A503,TAGCGAGT,DogMouth,16S,TRUE,NA,NA,NA,NA,NA,NA,NA,NA,NA,NA,NA,NA,NA,NA,NA,NA,NA,NA,NA,NA,NA,NA,NA,NA,NA,NA,NA,NA,NA,NA,NA,NA,NA,NA,NA,NA,NA,NA
DM070-1,i7_A709,CTACGACA,i5_A503,TAGCGAGT,DogMouth,16S,FALSE,NA,NA,NA,NA,NA,NA,NA,NA,NA,NA,NA,NA,NA,NA,NA,NA,NA,NA,NA,NA,NA,NA,NA,NA,NA,NA,NA,NA,NA,NA,NA,NA,NA,NA,NA,NA,NA,NA
DM000-8,i7_A710,TCTGCTAA,i5_A503,TAGCGAGT,DogMouth,16S,FALSE,NA,NA,NA,NA,NA,NA,NA,NA,NA,NA,NA,NA,NA,NA,NA,NA,NA,NA,NA,NA,NA,NA,NA,NA,NA,NA,NA,NA,NA,NA,NA,NA,NA,NA,NA,NA,NA,NA
DM070-2,i7_A711,TCTATGAA,i5_A503,TAGCGAGT,DogMouth,16S,FALSE,NA,NA,NA,NA,NA,NA,NA,NA,NA,NA,NA,NA,NA,NA,NA,NA,NA,NA,NA,NA,NA,NA,NA,NA,NA,NA,NA,NA,NA,NA,NA,NA,NA,NA,NA,NA,NA,NA
DM087-2,i7_A712,ATAGCGAA,i5_A503,TAGCGAGT,DogMouth,16S,FALSE,NA,NA,NA,NA,NA,NA,NA,NA,NA,NA,NA,NA,NA,NA,NA,NA,NA,NA,NA,NA,NA,NA,NA,NA,NA,NA,NA,NA,NA,NA,NA,NA,NA,NA,NA,NA,NA,NA
DM000-12,i7_A701,GAGAGTTA,i5_A504,CTGCGTGT,DogMouth,16S,FALSE,NA,NA,NA,NA,NA,NA,NA,NA,NA,NA,NA,NA,NA,NA,NA,NA,NA,NA,NA,NA,NA,NA,NA,NA,NA,NA,NA,NA,NA,NA,NA,NA,NA,NA,NA,NA,NA,NA
DM073-1,i7_A702,ACATAGTA,i5_A504,CTGCGTGT,DogMouth,16S,FALSE,NA,NA,NA,NA,NA,NA,NA,NA,NA,NA,NA,NA,NA,NA,NA,NA,NA,NA,NA,NA,NA,NA,NA,NA,NA,NA,NA,NA,NA,NA,NA,NA,NA,NA,NA,NA,NA,NA
DM035-2,i7_A703,CGCTACTA,i5_A504,CTGCGTGT,DogMouth,16S,FALSE,NA,NA,NA,NA,NA,NA,NA,NA,NA,NA,NA,NA,NA,NA,NA,NA,NA,NA,NA,NA,NA,NA,NA,NA,NA,NA,NA,NA,NA,NA,NA,NA,NA,NA,NA,NA,NA,NA
DM093-1,i7_A704,CTCACTGA,i5_A504,CTGCGTGT,DogMouth,16S,FALSE,NA,NA,NA,NA,NA,NA,NA,NA,NA,NA,NA,NA,NA,NA,NA,NA,NA,NA,NA,NA,NA,NA,NA,NA,NA,NA,NA,NA,NA,NA,NA,NA,NA,NA,NA,NA,NA,NA
DM071-1,i7_A705,GAGTACGA,i5_A504,CTGCGTGT,DogMouth,16S,FALSE,NA,NA,NA,NA,NA,NA,NA,NA,NA,NA,NA,NA,NA,NA,NA,NA,NA,NA,NA,NA,NA,NA,NA,NA,NA,NA,NA,NA,NA,NA,NA,NA,NA,NA,NA,NA,NA,NA
DM021-1,i7_A706,TGCGTAGA,i5_A504,CTGCGTGT,DogMouth,16S,FALSE,NA,NA,NA,NA,NA,NA,NA,NA,NA,NA,NA,NA,NA,NA,NA,NA,NA,NA,NA,NA,NA,NA,NA,NA,NA,NA,NA,NA,NA,NA,NA,NA,NA,NA,NA,NA,NA,NA
DMNEG-1,i7_A707,AGTCTCCA,i5_A504,CTGCGTGT,DogMouth,16S,TRUE,NA,NA,NA,NA,NA,NA,NA,NA,NA,NA,NA,NA,NA,NA,NA,NA,NA,NA,NA,NA,NA,NA,NA,NA,NA,NA,NA,NA,NA,NA,NA,NA,NA,NA,NA,NA,NA,NA
DM046-2,i7_A708,GAGCGACA,i5_A504,CTGCGTGT,DogMouth,16S,FALSE,NA,NA,NA,NA,NA,NA,NA,NA,NA,NA,NA,NA,NA,NA,NA,NA,NA,NA,NA,NA,NA,NA,NA,NA,NA,NA,NA,NA,NA,NA,NA,NA,NA,NA,NA,NA,NA,NA
DM084-2,i7_A709,CTACGACA,i5_A504,CTGCGTGT,DogMouth,16S,FALSE,NA,NA,NA,NA,NA,NA,NA,NA,NA,NA,NA,NA,NA,NA,NA,NA,NA,NA,NA,NA,NA,NA,NA,NA,NA,NA,NA,NA,NA,NA,NA,NA,NA,NA,NA,NA,NA,NA
DM073-2,i7_A710,TCTGCTAA,i5_A504,CTGCGTGT,DogMouth,16S,FALSE,NA,NA,NA,NA,NA,NA,NA,NA,NA,NA,NA,NA,NA,NA,NA,NA,NA,NA,NA,NA,NA,NA,NA,NA,NA,NA,NA,NA,NA,NA,NA,NA,NA,NA,NA,NA,NA,NA
DM001-2,i7_A711,TCTATGAA,i5_A504,CTGCGTGT,DogMouth,16S,FALSE,NA,NA,NA,NA,NA,NA,NA,NA,NA,NA,NA,NA,NA,NA,NA,NA,NA,NA,NA,NA,NA,NA,NA,NA,NA,NA,NA,NA,NA,NA,NA,NA,NA,NA,NA,NA,NA,NA
DM023-1,i7_A712,ATAGCGAA,i5_A504,CTGCGTGT,DogMouth,16S,FALSE,NA,NA,NA,NA,NA,NA,NA,NA,NA,NA,NA,NA,NA,NA,NA,NA,NA,NA,NA,NA,NA,NA,NA,NA,NA,NA,NA,NA,NA,NA,NA,NA,NA,NA,NA,NA,NA,NA
DM071-2,i7_A701,GAGAGTTA,i5_A505,TCATCGAG,DogMouth,16S,FALSE,NA,NA,NA,NA,NA,NA,NA,NA,NA,NA,NA,NA,NA,NA,NA,NA,NA,NA,NA,NA,NA,NA,NA,NA,NA,NA,NA,NA,NA,NA,NA,NA,NA,NA,NA,NA,NA,NA
DM004-1,i7_A702,ACATAGTA,i5_A505,TCATCGAG,DogMouth,16S,FALSE,NA,NA,NA,NA,NA,NA,NA,NA,NA,NA,NA,NA,NA,NA,NA,NA,NA,NA,NA,NA,NA,NA,NA,NA,NA,NA,NA,NA,NA,NA,NA,NA,NA,NA,NA,NA,NA,NA
DM096-1,i7_A703,CGCTACTA,i5_A505,TCATCGAG,DogMouth,16S,FALSE,NA,NA,NA,NA,NA,NA,NA,NA,NA,NA,NA,NA,NA,NA,NA,NA,NA,NA,NA,NA,NA,NA,NA,NA,NA,NA,NA,NA,NA,NA,NA,NA,NA,NA,NA,NA,NA,NA
DM001-1,i7_A704,CTCACTGA,i5_A505,TCATCGAG,DogMouth,16S,FALSE,NA,NA,NA,NA,NA,NA,NA,NA,NA,NA,NA,NA,NA,NA,NA,NA,NA,NA,NA,NA,NA,NA,NA,NA,NA,NA,NA,NA,NA,NA,NA,NA,NA,NA,NA,NA,NA,NA
DM043-1,i7_A705,GAGTACGA,i5_A505,TCATCGAG,DogMouth,16S,FALSE,NA,NA,NA,NA,NA,NA,NA,NA,NA,NA,NA,NA,NA,NA,NA,NA,NA,NA,NA,NA,NA,NA,NA,NA,NA,NA,NA,NA,NA,NA,NA,NA,NA,NA,NA,NA,NA,NA
DM018-2,i7_A706,TGCGTAGA,i5_A505,TCATCGAG,DogMouth,16S,FALSE,NA,NA,NA,NA,NA,NA,NA,NA,NA,NA,NA,NA,NA,NA,NA,NA,NA,NA,NA,NA,NA,NA,NA,NA,NA,NA,NA,NA,NA,NA,NA,NA,NA,NA,NA,NA,NA,NA
DMNEG-2,i7_A707,AGTCTCCA,i5_A505,TCATCGAG,DogMouth,16S,TRUE,NA,NA,NA,NA,NA,NA,NA,NA,NA,NA,NA,NA,NA,NA,NA,NA,NA,NA,NA,NA,NA,NA,NA,NA,NA,NA,NA,NA,NA,NA,NA,NA,NA,NA,NA,NA,NA,NA
DM025-1,i7_A708,GAGCGACA,i5_A505,TCATCGAG,DogMouth,16S,FALSE,NA,NA,NA,NA,NA,NA,NA,NA,NA,NA,NA,NA,NA,NA,NA,NA,NA,NA,NA,NA,NA,NA,NA,NA,NA,NA,NA,NA,NA,NA,NA,NA,NA,NA,NA,NA,NA,NA
DM074-1,i7_A709,CTACGACA,i5_A505,TCATCGAG,DogMouth,16S,FALSE,NA,NA,NA,NA,NA,NA,NA,NA,NA,NA,NA,NA,NA,NA,NA,NA,NA,NA,NA,NA,NA,NA,NA,NA,NA,NA,NA,NA,NA,NA,NA,NA,NA,NA,NA,NA,NA,NA
DM097-2,i7_A710,TCTGCTAA,i5_A505,TCATCGAG,DogMouth,16S,FALSE,NA,NA,NA,NA,NA,NA,NA,NA,NA,NA,NA,NA,NA,NA,NA,NA,NA,NA,NA,NA,NA,NA,NA,NA,NA,NA,NA,NA,NA,NA,NA,NA,NA,NA,NA,NA,NA,NA
DM099-2,i7_A711,TCTATGAA,i5_A505,TCATCGAG,DogMouth,16S,FALSE,NA,NA,NA,NA,NA,NA,NA,NA,NA,NA,NA,NA,NA,NA,NA,NA,NA,NA,NA,NA,NA,NA,NA,NA,NA,NA,NA,NA,NA,NA,NA,NA,NA,NA,NA,NA,NA,NA
DM084-1,i7_A712,ATAGCGAA,i5_A505,TCATCGAG,DogMouth,16S,FALSE,NA,NA,NA,NA,NA,NA,NA,NA,NA,NA,NA,NA,NA,NA,NA,NA,NA,NA,NA,NA,NA,NA,NA,NA,NA,NA,NA,NA,NA,NA,NA,NA,NA,NA,NA,NA,NA,NA
DM029-2,i7_A701,GAGAGTTA,i5_A506,CGTGAGTG,DogMouth,16S,FALSE,NA,NA,NA,NA,NA,NA,NA,NA,NA,NA,NA,NA,NA,NA,NA,NA,NA,NA,NA,NA,NA,NA,NA,NA,NA,NA,NA,NA,NA,NA,NA,NA,NA,NA,NA,NA,NA,NA
DM038-2,i7_A702,ACATAGTA,i5_A506,CGTGAGTG,DogMouth,16S,FALSE,NA,NA,NA,NA,NA,NA,NA,NA,NA,NA,NA,NA,NA,NA,NA,NA,NA,NA,NA,NA,NA,NA,NA,NA,NA,NA,NA,NA,NA,NA,NA,NA,NA,NA,NA,NA,NA,NA
DM000-4,i7_A703,CGCTACTA,i5_A506,CGTGAGTG,DogMouth,16S,FALSE,NA,NA,NA,NA,NA,NA,NA,NA,NA,NA,NA,NA,NA,NA,NA,NA,NA,NA,NA,NA,NA,NA,NA,NA,NA,NA,NA,NA,NA,NA,NA,NA,NA,NA,NA,NA,NA,NA
DM039-2,i7_A704,CTCACTGA,i5_A506,CGTGAGTG,DogMouth,16S,FALSE,NA,NA,NA,NA,NA,NA,NA,NA,NA,NA,NA,NA,NA,NA,NA,NA,NA,NA,NA,NA,NA,NA,NA,NA,NA,NA,NA,NA,NA,NA,NA,NA,NA,NA,NA,NA,NA,NA
DM097-1,i7_A705,GAGTACGA,i5_A506,CGTGAGTG,DogMouth,16S,FALSE,NA,NA,NA,NA,NA,NA,NA,NA,NA,NA,NA,NA,NA,NA,NA,NA,NA,NA,NA,NA,NA,NA,NA,NA,NA,NA,NA,NA,NA,NA,NA,NA,NA,NA,NA,NA,NA,NA
DM042-2,i7_A706,TGCGTAGA,i5_A506,CGTGAGTG,DogMouth,16S,FALSE,NA,NA,NA,NA,NA,NA,NA,NA,NA,NA,NA,NA,NA,NA,NA,NA,NA,NA,NA,NA,NA,NA,NA,NA,NA,NA,NA,NA,NA,NA,NA,NA,NA,NA,NA,NA,NA,NA
DM043-2,i7_A707,AGTCTCCA,i5_A506,CGTGAGTG,DogMouth,16S,FALSE,NA,NA,NA,NA,NA,NA,NA,NA,NA,NA,NA,NA,NA,NA,NA,NA,NA,NA,NA,NA,NA,NA,NA,NA,NA,NA,NA,NA,NA,NA,NA,NA,NA,NA,NA,NA,NA,NA
DM018-1,i7_A708,GAGCGACA,i5_A506,CGTGAGTG,DogMouth,16S,FALSE,NA,NA,NA,NA,NA,NA,NA,NA,NA,NA,NA,NA,NA,NA,NA,NA,NA,NA,NA,NA,NA,NA,NA,NA,NA,NA,NA,NA,NA,NA,NA,NA,NA,NA,NA,NA,NA,NA
DM080-2,i7_A709,CTACGACA,i5_A506,CGTGAGTG,DogMouth,16S,FALSE,NA,NA,NA,NA,NA,NA,NA,NA,NA,NA,NA,NA,NA,NA,NA,NA,NA,NA,NA,NA,NA,NA,NA,NA,NA,NA,NA,NA,NA,NA,NA,NA,NA,NA,NA,NA,NA,NA
DM000-2,i7_A710,TCTGCTAA,i5_A506,CGTGAGTG,DogMouth,16S,FALSE,NA,NA,NA,NA,NA,NA,NA,NA,NA,NA,NA,NA,NA,NA,NA,NA,NA,NA,NA,NA,NA,NA,NA,NA,NA,NA,NA,NA,NA,NA,NA,NA,NA,NA,NA,NA,NA,NA
DM087-1,i7_A711,TCTATGAA,i5_A506,CGTGAGTG,DogMouth,16S,FALSE,NA,NA,NA,NA,NA,NA,NA,NA,NA,NA,NA,NA,NA,NA,NA,NA,NA,NA,NA,NA,NA,NA,NA,NA,NA,NA,NA,NA,NA,NA,NA,NA,NA,NA,NA,NA,NA,NA
DM046-1,i7_A712,ATAGCGAA,i5_A506,CGTGAGTG,DogMouth,16S,FALSE,NA,NA,NA,NA,NA,NA,NA,NA,NA,NA,NA,NA,NA,NA,NA,NA,NA,NA,NA,NA,NA,NA,NA,NA,NA,NA,NA,NA,NA,NA,NA,NA,NA,NA,NA,NA,NA,NA
DM035-1,i7_A701,GAGAGTTA,i5_A507,GGATATCT,DogMouth,16S,FALSE,NA,NA,NA,NA,NA,NA,NA,NA,NA,NA,NA,NA,NA,NA,NA,NA,NA,NA,NA,NA,NA,NA,NA,NA,NA,NA,NA,NA,NA,NA,NA,NA,NA,NA,NA,NA,NA,NA
DM000-6,i7_A702,ACATAGTA,i5_A507,GGATATCT,DogMouth,16S,FALSE,NA,NA,NA,NA,NA,NA,NA,NA,NA,NA,NA,NA,NA,NA,NA,NA,NA,NA,NA,NA,NA,NA,NA,NA,NA,NA,NA,NA,NA,NA,NA,NA,NA,NA,NA,NA,NA,NA
DM015-1,i7_A703,CGCTACTA,i5_A507,GGATATCT,DogMouth,16S,FALSE,NA,NA,NA,NA,NA,NA,NA,NA,NA,NA,NA,NA,NA,NA,NA,NA,NA,NA,NA,NA,NA,NA,NA,NA,NA,NA,NA,NA,NA,NA,NA,NA,NA,NA,NA,NA,NA,NA
DM076-1,i7_A704,CTCACTGA,i5_A507,GGATATCT,DogMouth,16S,FALSE,NA,NA,NA,NA,NA,NA,NA,NA,NA,NA,NA,NA,NA,NA,NA,NA,NA,NA,NA,NA,NA,NA,NA,NA,NA,NA,NA,NA,NA,NA,NA,NA,NA,NA,NA,NA,NA,NA
DM078-1,i7_A705,GAGTACGA,i5_A507,GGATATCT,DogMouth,16S,FALSE,NA,NA,NA,NA,NA,NA,NA,NA,NA,NA,NA,NA,NA,NA,NA,NA,NA,NA,NA,NA,NA,NA,NA,NA,NA,NA,NA,NA,NA,NA,NA,NA,NA,NA,NA,NA,NA,NA
DM027-1,i7_A706,TGCGTAGA,i5_A507,GGATATCT,DogMouth,16S,FALSE,NA,NA,NA,NA,NA,NA,NA,NA,NA,NA,NA,NA,NA,NA,NA,NA,NA,NA,NA,NA,NA,NA,NA,NA,NA,NA,NA,NA,NA,NA,NA,NA,NA,NA,NA,NA,NA,NA
DM052-1,i7_A707,AGTCTCCA,i5_A507,GGATATCT,DogMouth,16S,FALSE,NA,NA,NA,NA,NA,NA,NA,NA,NA,NA,NA,NA,NA,NA,NA,NA,NA,NA,NA,NA,NA,NA,NA,NA,NA,NA,NA,NA,NA,NA,NA,NA,NA,NA,NA,NA,NA,NA
DM077-2,i7_A708,GAGCGACA,i5_A507,GGATATCT,DogMouth,16S,FALSE,NA,NA,NA,NA,NA,NA,NA,NA,NA,NA,NA,NA,NA,NA,NA,NA,NA,NA,NA,NA,NA,NA,NA,NA,NA,NA,NA,NA,NA,NA,NA,NA,NA,NA,NA,NA,NA,NA
DMNEG-5,i7_A709,CTACGACA,i5_A507,GGATATCT,DogMouth,16S,TRUE,NA,NA,NA,NA,NA,NA,NA,NA,NA,NA,NA,NA,NA,NA,NA,NA,NA,NA,NA,NA,NA,NA,NA,NA,NA,NA,NA,NA,NA,NA,NA,NA,NA,NA,NA,NA,NA,NA
DM050-1,i7_A710,TCTGCTAA,i5_A507,GGATATCT,DogMouth,16S,FALSE,NA,NA,NA,NA,NA,NA,NA,NA,NA,NA,NA,NA,NA,NA,NA,NA,NA,NA,NA,NA,NA,NA,NA,NA,NA,NA,NA,NA,NA,NA,NA,NA,NA,NA,NA,NA,NA,NA
DM000-7,i7_A711,TCTATGAA,i5_A507,GGATATCT,DogMouth,16S,FALSE,NA,NA,NA,NA,NA,NA,NA,NA,NA,NA,NA,NA,NA,NA,NA,NA,NA,NA,NA,NA,NA,NA,NA,NA,NA,NA,NA,NA,NA,NA,NA,NA,NA,NA,NA,NA,NA,NA
DM072-2,i7_A712,ATAGCGAA,i5_A507,GGATATCT,DogMouth,16S,FALSE,NA,NA,NA,NA,NA,NA,NA,NA,NA,NA,NA,NA,NA,NA,NA,NA,NA,NA,NA,NA,NA,NA,NA,NA,NA,NA,NA,NA,NA,NA,NA,NA,NA,NA,NA,NA,NA,NA
DM088-2,i7_A701,GAGAGTTA,i5_A508,GACACCGT,DogMouth,16S,FALSE,NA,NA,NA,NA,NA,NA,NA,NA,NA,NA,NA,NA,NA,NA,NA,NA,NA,NA,NA,NA,NA,NA,NA,NA,NA,NA,NA,NA,NA,NA,NA,NA,NA,NA,NA,NA,NA,NA
DM000-10,i7_A702,ACATAGTA,i5_A508,GACACCGT,DogMouth,16S,FALSE,NA,NA,NA,NA,NA,NA,NA,NA,NA,NA,NA,NA,NA,NA,NA,NA,NA,NA,NA,NA,NA,NA,NA,NA,NA,NA,NA,NA,NA,NA,NA,NA,NA,NA,NA,NA,NA,NA
DM093-2,i7_A703,CGCTACTA,i5_A508,GACACCGT,DogMouth,16S,FALSE,NA,NA,NA,NA,NA,NA,NA,NA,NA,NA,NA,NA,NA,NA,NA,NA,NA,NA,NA,NA,NA,NA,NA,NA,NA,NA,NA,NA,NA,NA,NA,NA,NA,NA,NA,NA,NA,NA
DM096-2,i7_A704,CTCACTGA,i5_A508,GACACCGT,DogMouth,16S,FALSE,NA,NA,NA,NA,NA,NA,NA,NA,NA,NA,NA,NA,NA,NA,NA,NA,NA,NA,NA,NA,NA,NA,NA,NA,NA,NA,NA,NA,NA,NA,NA,NA,NA,NA,NA,NA,NA,NA
DM098-2,i7_A705,GAGTACGA,i5_A508,GACACCGT,DogMouth,16S,FALSE,NA,NA,NA,NA,NA,NA,NA,NA,NA,NA,NA,NA,NA,NA,NA,NA,NA,NA,NA,NA,NA,NA,NA,NA,NA,NA,NA,NA,NA,NA,NA,NA,NA,NA,NA,NA,NA,NA
DM029-1,i7_A706,TGCGTAGA,i5_A508,GACACCGT,DogMouth,16S,FALSE,NA,NA,NA,NA,NA,NA,NA,NA,NA,NA,NA,NA,NA,NA,NA,NA,NA,NA,NA,NA,NA,NA,NA,NA,NA,NA,NA,NA,NA,NA,NA,NA,NA,NA,NA,NA,NA,NA
DM012-1,i7_A707,AGTCTCCA,i5_A508,GACACCGT,DogMouth,16S,FALSE,NA,NA,NA,NA,NA,NA,NA,NA,NA,NA,NA,NA,NA,NA,NA,NA,NA,NA,NA,NA,NA,NA,NA,NA,NA,NA,NA,NA,NA,NA,NA,NA,NA,NA,NA,NA,NA,NA
DM000-11,i7_A708,GAGCGACA,i5_A508,GACACCGT,DogMouth,16S,FALSE,NA,NA,NA,NA,NA,NA,NA,NA,NA,NA,NA,NA,NA,NA,NA,NA,NA,NA,NA,NA,NA,NA,NA,NA,NA,NA,NA,NA,NA,NA,NA,NA,NA,NA,NA,NA,NA,NA
DM000-9,i7_A709,CTACGACA,i5_A508,GACACCGT,DogMouth,16S,FALSE,NA,NA,NA,NA,NA,NA,NA,NA,NA,NA,NA,NA,NA,NA,NA,NA,NA,NA,NA,NA,NA,NA,NA,NA,NA,NA,NA,NA,NA,NA,NA,NA,NA,NA,NA,NA,NA,NA
DM000-3,i7_A710,TCTGCTAA,i5_A508,GACACCGT,DogMouth,16S,FALSE,NA,NA,NA,NA,NA,NA,NA,NA,NA,NA,NA,NA,NA,NA,NA,NA,NA,NA,NA,NA,NA,NA,NA,NA,NA,NA,NA,NA,NA,NA,NA,NA,NA,NA,NA,NA,NA,NA
DM074-2,i7_A711,TCTATGAA,i5_A508,GACACCGT,DogMouth,16S,FALSE,NA,NA,NA,NA,NA,NA,NA,NA,NA,NA,NA,NA,NA,NA,NA,NA,NA,NA,NA,NA,NA,NA,NA,NA,NA,NA,NA,NA,NA,NA,NA,NA,NA,NA,NA,NA,NA,NA
DM072-1,i7_A712,ATAGCGAA,i5_A508,GACACCGT,DogMouth,16S,FALSE,NA,NA,NA,NA,NA,NA,NA,NA,NA,NA,NA,NA,NA,NA,NA,NA,NA,NA,NA,NA,NA,NA,NA,NA,NA,NA,NA,NA,NA,NA,NA,NA,NA,NA,NA,NA,NA,NA
FAYE-ITS2-WM1,i7_A701,GAGAGTTA,i5_B501,CTACTATA,FayeDecomp,ITS2,FALSE,NA,NA,NA,NA,NA,NA,NA,NA,NA,NA,NA,NA,NA,NA,NA,NA,NA,NA,NA,NA,NA,NA,NA,NA,NA,NA,NA,NA,NA,NA,NA,NA,NA,NA,NA,NA,NA,NA
FAYE-ITS2-PM2,i7_A702,ACATAGTA,i5_B501,CTACTATA,FayeDecomp,ITS2,FALSE,NA,NA,NA,NA,NA,NA,NA,NA,NA,NA,NA,NA,NA,NA,NA,NA,NA,NA,NA,NA,NA,NA,NA,NA,NA,NA,NA,NA,NA,NA,NA,NA,NA,NA,NA,NA,NA,NA
FAYE-ITS2-WM3,i7_A703,CGCTACTA,i5_B501,CTACTATA,FayeDecomp,ITS2,FALSE,NA,NA,NA,NA,NA,NA,NA,NA,NA,NA,NA,NA,NA,NA,NA,NA,NA,NA,NA,NA,NA,NA,NA,NA,NA,NA,NA,NA,NA,NA,NA,NA,NA,NA,NA,NA,NA,NA
LOG-ITS2-M1,i7_A704,CTCACTGA,i5_B501,CTACTATA,Juniper,ITS2,FALSE,Juniperus osteosperma,2000,38.6792,-109.2999,Moab,Fisher,#5263 (2000),0,3.4,3,1.1,4.9,2.1,36.9,0.6,1.6,3.6,2.8,1,8.3,4.6,0,0,3.2,3.8,1.6,1.5,0.8,1.4,1,0.42,1718,0,0,0,87.2,3.7913043478,20
LOG-ITS2-CC3,i7_A705,GAGTACGA,i5_B501,CTACTATA,Juniper,ITS2,FALSE,Juniperus osteosperma,2004,38.4009,-113.8894,Cedar_City,Vance,#5265 (2004),0,2.2,6.2,0.9,7.6,3,34.9,0.5,0.9,2.2,2,0.5,4.1,13.8,1.1,0.8,0,0.6,0.2,6.1,1.1,0.7,2.1,0.81,2012,0.004,8,0,91.5,3.9782608696,16
FAYE-16S-WM1,i7_A706,TGCGTAGA,i5_B501,CTACTATA,FayeDecomp,16S,FALSE,NA,NA,NA,NA,NA,NA,NA,NA,NA,NA,NA,NA,NA,NA,NA,NA,NA,NA,NA,NA,NA,NA,NA,NA,NA,NA,NA,NA,NA,NA,NA,NA,NA,NA,NA,NA,NA,NA
FAYE-16S-PM2,i7_A707,AGTCTCCA,i5_B501,CTACTATA,FayeDecomp,16S,FALSE,NA,NA,NA,NA,NA,NA,NA,NA,NA,NA,NA,NA,NA,NA,NA,NA,NA,NA,NA,NA,NA,NA,NA,NA,NA,NA,NA,NA,NA,NA,NA,NA,NA,NA,NA,NA,NA,NA
FAYE-16S-WM3,i7_A708,GAGCGACA,i5_B501,CTACTATA,FayeDecomp,16S,FALSE,NA,NA,NA,NA,NA,NA,NA,NA,NA,NA,NA,NA,NA,NA,NA,NA,NA,NA,NA,NA,NA,NA,NA,NA,NA,NA,NA,NA,NA,NA,NA,NA,NA,NA,NA,NA,NA,NA
LOG-16S-M1,i7_A709,CTACGACA,i5_B501,CTACTATA,Juniper,16S,FALSE,Juniperus osteosperma,2000,38.6792,-109.2999,Moab,Fisher,#5263 (2000),0,3.4,3,1.1,4.9,2.1,36.9,0.6,1.6,3.6,2.8,1,8.3,4.6,0,0,3.2,3.8,1.6,1.5,0.8,1.4,1,0.42,1718,0,0,0,87.2,3.7913043478,20
LOG-16S-CC3,i7_A710,TCTGCTAA,i5_B501,CTACTATA,Juniper,16S,FALSE,Juniperus osteosperma,2004,38.4009,-113.8894,Cedar_City,Vance,#5265 (2004),0,2.2,6.2,0.9,7.6,3,34.9,0.5,0.9,2.2,2,0.5,4.1,13.8,1.1,0.8,0,0.6,0.2,6.1,1.1,0.7,2.1,0.81,2012,0.004,8,0,91.5,3.9782608696,16
FAYE-ITS2-BM3,i7_A701,GAGAGTTA,i5_B502,CGTTACTA,FayeDecomp,ITS2,FALSE,NA,NA,NA,NA,NA,NA,NA,NA,NA,NA,NA,NA,NA,NA,NA,NA,NA,NA,NA,NA,NA,NA,NA,NA,NA,NA,NA,NA,NA,NA,NA,NA,NA,NA,NA,NA,NA,NA
FAYE-ITS2-BD3,i7_A702,ACATAGTA,i5_B502,CGTTACTA,FayeDecomp,ITS2,FALSE,NA,NA,NA,NA,NA,NA,NA,NA,NA,NA,NA,NA,NA,NA,NA,NA,NA,NA,NA,NA,NA,NA,NA,NA,NA,NA,NA,NA,NA,NA,NA,NA,NA,NA,NA,NA,NA,NA
FAYE-ITS2-PD3,i7_A703,CGCTACTA,i5_B502,CGTTACTA,FayeDecomp,ITS2,FALSE,NA,NA,NA,NA,NA,NA,NA,NA,NA,NA,NA,NA,NA,NA,NA,NA,NA,NA,NA,NA,NA,NA,NA,NA,NA,NA,NA,NA,NA,NA,NA,NA,NA,NA,NA,NA,NA,NA
LOG-ITS2-CC2,i7_A704,CTCACTGA,i5_B502,CGTTACTA,Juniper,ITS2,FALSE,Juniperus osteosperma,1999,38.3633,-113.9149,Cedar_City,Meadow Spring,#5262 (1999),0,0.1,0,1.2,17.5,4.2,16.1,0.6,1.1,1.7,3.2,1,4.9,16.9,0,0,0.8,1,0.5,6.9,1.6,2.5,2.3,0.46,2675,0.0026,7,0,84.1,3.6565217391,21
LOG-ITS2-NEG,i7_A705,GAGTACGA,i5_B502,CGTTACTA,Juniper,ITS2,TRUE,NA,NA,NA,NA,NA,NA,NA,NA,NA,NA,NA,NA,NA,NA,NA,NA,NA,NA,NA,NA,NA,NA,NA,NA,NA,NA,NA,NA,NA,NA,NA,NA,NA,NA,NA,NA,NA,NA
FAYE-16S-BM3,i7_A706,TGCGTAGA,i5_B502,CGTTACTA,FayeDecomp,16S,FALSE,NA,NA,NA,NA,NA,NA,NA,NA,NA,NA,NA,NA,NA,NA,NA,NA,NA,NA,NA,NA,NA,NA,NA,NA,NA,NA,NA,NA,NA,NA,NA,NA,NA,NA,NA,NA,NA,NA
FAYE-16S-BD3,i7_A707,AGTCTCCA,i5_B502,CGTTACTA,FayeDecomp,16S,FALSE,NA,NA,NA,NA,NA,NA,NA,NA,NA,NA,NA,NA,NA,NA,NA,NA,NA,NA,NA,NA,NA,NA,NA,NA,NA,NA,NA,NA,NA,NA,NA,NA,NA,NA,NA,NA,NA,NA
FAYE-16S-PD3,i7_A708,GAGCGACA,i5_B502,CGTTACTA,FayeDecomp,16S,FALSE,NA,NA,NA,NA,NA,NA,NA,NA,NA,NA,NA,NA,NA,NA,NA,NA,NA,NA,NA,NA,NA,NA,NA,NA,NA,NA,NA,NA,NA,NA,NA,NA,NA,NA,NA,NA,NA,NA
LOG-16S-CC2,i7_A709,CTACGACA,i5_B502,CGTTACTA,Juniper,16S,FALSE,Juniperus osteosperma,1999,38.3633,-113.9149,Cedar_City,Meadow Spring,#5262 (1999),0,0.1,0,1.2,17.5,4.2,16.1,0.6,1.1,1.7,3.2,1,4.9,16.9,0,0,0.8,1,0.5,6.9,1.6,2.5,2.3,0.46,2675,0.0026,7,0,84.1,3.6565217391,21
LOG-16S-NEG,i7_A710,TCTGCTAA,i5_B502,CGTTACTA,Juniper,16S,TRUE,NA,NA,NA,NA,NA,NA,NA,NA,NA,NA,NA,NA,NA,NA,NA,NA,NA,NA,NA,NA,NA,NA,NA,NA,NA,NA,NA,NA,NA,NA,NA,NA,NA,NA,NA,NA,NA,NA
FAYE-ITS2-B2,i7_A701,GAGAGTTA,i5_B503,AGAGTCAC,FayeDecomp,ITS2,FALSE,NA,NA,NA,NA,NA,NA,NA,NA,NA,NA,NA,NA,NA,NA,NA,NA,NA,NA,NA,NA,NA,NA,NA,NA,NA,NA,NA,NA,NA,NA,NA,NA,NA,NA,NA,NA,NA,NA
FAYE-ITS2-WM2,i7_A702,ACATAGTA,i5_B503,AGAGTCAC,FayeDecomp,ITS2,FALSE,NA,NA,NA,NA,NA,NA,NA,NA,NA,NA,NA,NA,NA,NA,NA,NA,NA,NA,NA,NA,NA,NA,NA,NA,NA,NA,NA,NA,NA,NA,NA,NA,NA,NA,NA,NA,NA,NA
FAYE-ITS2-BD1,i7_A703,CGCTACTA,i5_B503,AGAGTCAC,FayeDecomp,ITS2,FALSE,NA,NA,NA,NA,NA,NA,NA,NA,NA,NA,NA,NA,NA,NA,NA,NA,NA,NA,NA,NA,NA,NA,NA,NA,NA,NA,NA,NA,NA,NA,NA,NA,NA,NA,NA,NA,NA,NA
LOG-ITS2-SL6,i7_A704,CTCACTGA,i5_B503,AGAGTCAC,Juniper,ITS2,FALSE,Juniperus osteosperma,2011,39.9785,-113.1177,Salt_Lake_4,Nowhere,#5270 (2011),0.1,0.5,2.8,0.4,8.7,2.8,28.9,0.3,0.5,1.5,1,0.3,1.5,39.9,1.5,0.7,0,1.2,0.3,0.3,0.8,0.4,1.5,0.95,1580,0,0,0,95.9,4.1695652174,9
LOG-ITS2-P1,i7_A705,GAGTACGA,i5_B503,AGAGTCAC,Juniper,ITS2,FALSE,Juniperus scopulorum,2002,39.7791,-110.8793,Price,Price Canyon,(2002),0,0,0,0,6.7,2,32.8,0,0.9,5.2,1.1,0.8,7.1,19.1,0,0,0,0.5,0.3,1.8,0.3,0.5,3.5,0.49,1482,0.0736,NA,NA,82.6,3.5913043478,18
FAYE-16S-B2,i7_A706,TGCGTAGA,i5_B503,AGAGTCAC,FayeDecomp,16S,FALSE,NA,NA,NA,NA,NA,NA,NA,NA,NA,NA,NA,NA,NA,NA,NA,NA,NA,NA,NA,NA,NA,NA,NA,NA,NA,NA,NA,NA,NA,NA,NA,NA,NA,NA,NA,NA,NA,NA
FAYE-16S-WM2,i7_A707,AGTCTCCA,i5_B503,AGAGTCAC,FayeDecomp,16S,FALSE,NA,NA,NA,NA,NA,NA,NA,NA,NA,NA,NA,NA,NA,NA,NA,NA,NA,NA,NA,NA,NA,NA,NA,NA,NA,NA,NA,NA,NA,NA,NA,NA,NA,NA,NA,NA,NA,NA
FAYE-16S-BD1,i7_A708,GAGCGACA,i5_B503,AGAGTCAC,FayeDecomp,16S,FALSE,NA,NA,NA,NA,NA,NA,NA,NA,NA,NA,NA,NA,NA,NA,NA,NA,NA,NA,NA,NA,NA,NA,NA,NA,NA,NA,NA,NA,NA,NA,NA,NA,NA,NA,NA,NA,NA,NA
LOG-16S-SL6,i7_A709,CTACGACA,i5_B503,AGAGTCAC,Juniper,16S,FALSE,Juniperus osteosperma,2011,39.9785,-113.1177,Salt_Lake_4,Nowhere,#5270 (2011),0.1,0.5,2.8,0.4,8.7,2.8,28.9,0.3,0.5,1.5,1,0.3,1.5,39.9,1.5,0.7,0,1.2,0.3,0.3,0.8,0.4,1.5,0.95,1580,0,0,0,95.9,4.1695652174,9
LOG-16S-P1,i7_A710,TCTGCTAA,i5_B503,AGAGTCAC,Juniper,16S,FALSE,Juniperus scopulorum,2002,39.7791,-110.8793,Price,Price Canyon,(2002),0,0,0,0,6.7,2,32.8,0,0.9,5.2,1.1,0.8,7.1,19.1,0,0,0,0.5,0.3,1.8,0.3,0.5,3.5,0.49,1482,0.0736,NA,NA,82.6,3.5913043478,18
FAYE-ITS2-WD2,i7_A701,GAGAGTTA,i5_B504,TACGAGAC,FayeDecomp,ITS2,FALSE,NA,NA,NA,NA,NA,NA,NA,NA,NA,NA,NA,NA,NA,NA,NA,NA,NA,NA,NA,NA,NA,NA,NA,NA,NA,NA,NA,NA,NA,NA,NA,NA,NA,NA,NA,NA,NA,NA
FAYE-ITS2-PM1,i7_A702,ACATAGTA,i5_B504,TACGAGAC,FayeDecomp,ITS2,FALSE,NA,NA,NA,NA,NA,NA,NA,NA,NA,NA,NA,NA,NA,NA,NA,NA,NA,NA,NA,NA,NA,NA,NA,NA,NA,NA,NA,NA,NA,NA,NA,NA,NA,NA,NA,NA,NA,NA
FAYE-ITS2-WD1,i7_A703,CGCTACTA,i5_B504,TACGAGAC,FayeDecomp,ITS2,FALSE,NA,NA,NA,NA,NA,NA,NA,NA,NA,NA,NA,NA,NA,NA,NA,NA,NA,NA,NA,NA,NA,NA,NA,NA,NA,NA,NA,NA,NA,NA,NA,NA,NA,NA,NA,NA,NA,NA
LOG-ITS2-SL8,i7_A704,CTCACTGA,i5_B504,TACGAGAC,Juniper,ITS2,FALSE,Juniperus osteosperma,2013,41.5335,-113.7096,Salt_Lake_3,Playground,#5272 (2013),0.1,0.1,0.2,1,8.1,2.9,14,0.4,0.9,1.3,2.4,0.7,13.4,17.9,1.3,0,3,3.3,1.4,3.5,1.4,1.6,2,0.07,1726,0.0046,8,1,80.9,3.5173913043,7
LOG-ITS2-SL9,i7_A705,GAGTACGA,i5_B504,TACGAGAC,Juniper,ITS2,FALSE,Juniperus osteosperma,2014,39.9422,-112.7181,Salt_Lake_4,Lion Peak,#5273 (2014),0.3,0.1,0.7,0.7,6.7,2.3,19.98,0.3,0.8,1.7,2.4,0,7.2,21.2,1,1,0,0.7,0.3,8.2,2.8,0.7,1.8,0.41,2794,0.0054,15,4,80.88,3.5165217391,6
FAYE-16S-WD2,i7_A706,TGCGTAGA,i5_B504,TACGAGAC,FayeDecomp,16S,FALSE,NA,NA,NA,NA,NA,NA,NA,NA,NA,NA,NA,NA,NA,NA,NA,NA,NA,NA,NA,NA,NA,NA,NA,NA,NA,NA,NA,NA,NA,NA,NA,NA,NA,NA,NA,NA,NA,NA
FAYE-16S-PM1,i7_A707,AGTCTCCA,i5_B504,TACGAGAC,FayeDecomp,16S,FALSE,NA,NA,NA,NA,NA,NA,NA,NA,NA,NA,NA,NA,NA,NA,NA,NA,NA,NA,NA,NA,NA,NA,NA,NA,NA,NA,NA,NA,NA,NA,NA,NA,NA,NA,NA,NA,NA,NA
FAYE-16S-WD1,i7_A708,GAGCGACA,i5_B504,TACGAGAC,FayeDecomp,16S,FALSE,NA,NA,NA,NA,NA,NA,NA,NA,NA,NA,NA,NA,NA,NA,NA,NA,NA,NA,NA,NA,NA,NA,NA,NA,NA,NA,NA,NA,NA,NA,NA,NA,NA,NA,NA,NA,NA,NA
LOG-16S-SL8,i7_A709,CTACGACA,i5_B504,TACGAGAC,Juniper,16S,FALSE,Juniperus osteosperma,2013,41.5335,-113.7096,Salt_Lake_3,Playground,#5272 (2013),0.1,0.1,0.2,1,8.1,2.9,14,0.4,0.9,1.3,2.4,0.7,13.4,17.9,1.3,0,3,3.3,1.4,3.5,1.4,1.6,2,0.07,1726,0.0046,8,1,80.9,3.5173913043,7
LOG-16S-SL9,i7_A710,TCTGCTAA,i5_B504,TACGAGAC,Juniper,16S,FALSE,Juniperus osteosperma,2014,39.9422,-112.7181,Salt_Lake_4,Lion Peak,#5273 (2014),0.3,0.1,0.7,0.7,6.7,2.3,19.98,0.3,0.8,1.7,2.4,0,7.2,21.2,1,1,0,0.7,0.3,8.2,2.8,0.7,1.8,0.41,2794,0.0054,15,4,80.88,3.5165217391,6
FAYE-ITS2-BM1,i7_A701,GAGAGTTA,i5_B505,ACGTCTCG,FayeDecomp,ITS2,FALSE,NA,NA,NA,NA,NA,NA,NA,NA,NA,NA,NA,NA,NA,NA,NA,NA,NA,NA,NA,NA,NA,NA,NA,NA,NA,NA,NA,NA,NA,NA,NA,NA,NA,NA,NA,NA,NA,NA
FAYE-ITS2-WD3,i7_A702,ACATAGTA,i5_B505,ACGTCTCG,FayeDecomp,ITS2,FALSE,NA,NA,NA,NA,NA,NA,NA,NA,NA,NA,NA,NA,NA,NA,NA,NA,NA,NA,NA,NA,NA,NA,NA,NA,NA,NA,NA,NA,NA,NA,NA,NA,NA,NA,NA,NA,NA,NA
LOG-ITS2-SL4,i7_A703,CGCTACTA,i5_B505,ACGTCTCG,Juniper,ITS2,FALSE,Juniperus osteosperma,2009,39.9885,-113.1322,Salt_Lake_4,Engleman,#5269 (2009),0.2,0.6,1.1,0.5,8.6,2.9,14.4,0.3,0.5,1.7,0.8,0.3,2.9,37.3,0,0,3.2,4.8,1.6,6.4,1.6,0.9,1.8,0.43,1295,0.0054,7,0,92.4,4.0173913043,11
LOG-ITS2-CC5,i7_A704,CTCACTGA,i5_B505,ACGTCTCG,Juniper,ITS2,FALSE,Juniperus osteosperma,2016,37.5799,-113.0851,Cedar_City,Hicks Creek,#5274 (2016),0.2,1.1,0.8,1.1,13.2,3.2,12.5,0.4,1.8,2.4,4.8,1.3,11.3,7.5,0,0,2.8,2,1.3,9.3,1.7,1.4,1.8,0.34,1866,0,0,0,81.9,3.5608695652,4
LOG-ITS2-F1,i7_A705,GAGTACGA,i5_B505,ACGTCTCG,Juniper,ITS2,FALSE,Juniperus osteosperma,2001,39.3052,-112.0301,Fillmore,Substation,#5264 (2001),0,0.5,1.5,0.7,3.1,1.5,29.6,0.4,1,3.1,1.8,0.6,9,6.9,0,0,5.5,7.9,3,2.8,2.5,1.7,2.3,0.28,1086,0.0101,11,0,85.4,3.7130434783,19
FAYE-16S-BM1,i7_A706,TGCGTAGA,i5_B505,ACGTCTCG,FayeDecomp,16S,FALSE,NA,NA,NA,NA,NA,NA,NA,NA,NA,NA,NA,NA,NA,NA,NA,NA,NA,NA,NA,NA,NA,NA,NA,NA,NA,NA,NA,NA,NA,NA,NA,NA,NA,NA,NA,NA,NA,NA
FAYE-16S-WD3,i7_A707,AGTCTCCA,i5_B505,ACGTCTCG,FayeDecomp,16S,FALSE,NA,NA,NA,NA,NA,NA,NA,NA,NA,NA,NA,NA,NA,NA,NA,NA,NA,NA,NA,NA,NA,NA,NA,NA,NA,NA,NA,NA,NA,NA,NA,NA,NA,NA,NA,NA,NA,NA
LOG-16S-SL4,i7_A708,GAGCGACA,i5_B505,ACGTCTCG,Juniper,16S,FALSE,Juniperus osteosperma,2009,39.9885,-113.1322,Salt_Lake_4,Engleman,#5269 (2009),0.2,0.6,1.1,0.5,8.6,2.9,14.4,0.3,0.5,1.7,0.8,0.3,2.9,37.3,0,0,3.2,4.8,1.6,6.4,1.6,0.9,1.8,0.43,1295,0.0054,7,0,92.4,4.0173913043,11
LOG-16S-CC5,i7_A709,CTACGACA,i5_B505,ACGTCTCG,Juniper,16S,FALSE,Juniperus osteosperma,2016,37.5799,-113.0851,Cedar_City,Hicks Creek,#5274 (2016),0.2,1.1,0.8,1.1,13.2,3.2,12.5,0.4,1.8,2.4,4.8,1.3,11.3,7.5,0,0,2.8,2,1.3,9.3,1.7,1.4,1.8,0.34,1866,0,0,0,81.9,3.5608695652,4
LOG-16S-F1,i7_A710,TCTGCTAA,i5_B505,ACGTCTCG,Juniper,16S,FALSE,Juniperus osteosperma,2001,39.3052,-112.0301,Fillmore,Substation,#5264 (2001),0,0.5,1.5,0.7,3.1,1.5,29.6,0.4,1,3.1,1.8,0.6,9,6.9,0,0,5.5,7.9,3,2.8,2.5,1.7,2.3,0.28,1086,0.0101,11,0,85.4,3.7130434783,19
FAYE-ITS2-PD2,i7_A701,GAGAGTTA,i5_B506,TCGACGAG,FayeDecomp,ITS2,FALSE,NA,NA,NA,NA,NA,NA,NA,NA,NA,NA,NA,NA,NA,NA,NA,NA,NA,NA,NA,NA,NA,NA,NA,NA,NA,NA,NA,NA,NA,NA,NA,NA,NA,NA,NA,NA,NA,NA
FAYE-ITS2-BM2,i7_A702,ACATAGTA,i5_B506,TCGACGAG,FayeDecomp,ITS2,FALSE,NA,NA,NA,NA,NA,NA,NA,NA,NA,NA,NA,NA,NA,NA,NA,NA,NA,NA,NA,NA,NA,NA,NA,NA,NA,NA,NA,NA,NA,NA,NA,NA,NA,NA,NA,NA,NA,NA
LOG-ITS2-CC1,i7_A703,CGCTACTA,i5_B506,TCGACGAG,Juniper,ITS2,FALSE,Juniperus osteosperma,1998,38.2399,-112.8383,Cedar_City,Minersville,#5261 (1998),0.1,0.1,0.2,0.4,17.1,3.6,9.1,0.1,0.6,1.3,1,0.4,5.7,39.2,0,0,0.5,0.6,0.3,5.1,2.4,0.9,1.9,0.19,1831,0.0005,1,0,90.6,3.9391304348,22
LOG-ITS2-SL11,i7_A704,CTCACTGA,i5_B506,TCGACGAG,Juniper,ITS2,FALSE,Juniperus osteosperma,2017,40.9202,-113.0017,Salt_Lake_2,Knob,#5275 (2017),1.4,0.3,0.5,1,9.5,3.3,22.8,0.4,1.1,1.8,2.4,0.6,5.2,14.2,0,0,3.5,3.5,1.8,10.5,2.4,0.5,2.8,0.29,1236,0.0081,10,0,89.5,3.8913043478,3
LOG-ITS2-SL7,i7_A705,GAGTACGA,i5_B506,TCGACGAG,Juniper,ITS2,FALSE,Juniperus osteosperma,2012,40.8316,-112.4833,Salt_Lake_2,Shanty Canyon,#5271 (2012),0,0.1,0.1,0.3,9.4,1.8,9.3,0.2,1,2.1,1.9,0.8,9.6,14.6,0,0,1.4,1.1,0.6,17.2,3.4,2.3,2.4,0.54,1313,0.0008,1,0,79.6,3.4608695652,8
FAYE-16S-PD2,i7_A706,TGCGTAGA,i5_B506,TCGACGAG,FayeDecomp,16S,FALSE,NA,NA,NA,NA,NA,NA,NA,NA,NA,NA,NA,NA,NA,NA,NA,NA,NA,NA,NA,NA,NA,NA,NA,NA,NA,NA,NA,NA,NA,NA,NA,NA,NA,NA,NA,NA,NA,NA
FAYE-16S-BM2,i7_A707,AGTCTCCA,i5_B506,TCGACGAG,FayeDecomp,16S,FALSE,NA,NA,NA,NA,NA,NA,NA,NA,NA,NA,NA,NA,NA,NA,NA,NA,NA,NA,NA,NA,NA,NA,NA,NA,NA,NA,NA,NA,NA,NA,NA,NA,NA,NA,NA,NA,NA,NA
LOG-16S-CC1,i7_A708,GAGCGACA,i5_B506,TCGACGAG,Juniper,16S,FALSE,Juniperus osteosperma,1998,38.2399,-112.8383,Cedar_City,Minersville,#5261 (1998),0.1,0.1,0.2,0.4,17.1,3.6,9.1,0.1,0.6,1.3,1,0.4,5.7,39.2,0,0,0.5,0.6,0.3,5.1,2.4,0.9,1.9,0.19,1831,0.0005,1,0,90.6,3.9391304348,22
LOG-16S-SL11,i7_A709,CTACGACA,i5_B506,TCGACGAG,Juniper,16S,FALSE,Juniperus osteosperma,2017,40.9202,-113.0017,Salt_Lake_2,Knob,#5275 (2017),1.4,0.3,0.5,1,9.5,3.3,22.8,0.4,1.1,1.8,2.4,0.6,5.2,14.2,0,0,3.5,3.5,1.8,10.5,2.4,0.5,2.8,0.29,1236,0.0081,10,0,89.5,3.8913043478,3
LOG-16S-SL7,i7_A710,TCTGCTAA,i5_B506,TCGACGAG,Juniper,16S,FALSE,Juniperus osteosperma,2012,40.8316,-112.4833,Salt_Lake_2,Shanty Canyon,#5271 (2012),0,0.1,0.1,0.3,9.4,1.8,9.3,0.2,1,2.1,1.9,0.8,9.6,14.6,0,0,1.4,1.1,0.6,17.2,3.4,2.3,2.4,0.54,1313,0.0008,1,0,79.6,3.4608695652,8
FAYE-ITS2-PM3,i7_A701,GAGAGTTA,i5_B507,GATCGTGT,FayeDecomp,ITS2,FALSE,NA,NA,NA,NA,NA,NA,NA,NA,NA,NA,NA,NA,NA,NA,NA,NA,NA,NA,NA,NA,NA,NA,NA,NA,NA,NA,NA,NA,NA,NA,NA,NA,NA,NA,NA,NA,NA,NA
FAYE-ITS2-PD1,i7_A702,ACATAGTA,i5_B507,GATCGTGT,FayeDecomp,ITS2,FALSE,NA,NA,NA,NA,NA,NA,NA,NA,NA,NA,NA,NA,NA,NA,NA,NA,NA,NA,NA,NA,NA,NA,NA,NA,NA,NA,NA,NA,NA,NA,NA,NA,NA,NA,NA,NA,NA,NA
LOG-ITS2-SL3,i7_A703,CGCTACTA,i5_B507,GATCGTGT,Juniper,ITS2,FALSE,Juniperus osteosperma,2008,41.5442,-113.6921,Salt_Lake_3,Devil,#5268 (2008),0.1,0.2,0.1,0.9,35.5,7.6,15.9,0.4,1.4,1.9,2.7,1,4.3,16.4,0,0,0.6,0,0,2.3,0.8,0.6,0.7,0.77,2206,0.0005,1,0,93.4,4.0608695652,12
LOG-ITS2-SL12,i7_A704,CTCACTGA,i5_B507,GATCGTGT,Juniper,ITS2,FALSE,Juniperus osteosperma,2018,41.5719,-113.7488,Salt_Lake_3,Ridge,#5276 (2018),0.6,0.4,2.3,0.2,1.9,1.2,25.9,0.2,0.4,1.8,0.7,0,1,37.5,3.3,1.1,0,2,0.6,1.6,2.4,0,2.6,0.18,1687,0,0,0,87.7,3.8130434783,2
FAYE-16S-PM3,i7_A706,TGCGTAGA,i5_B507,GATCGTGT,FayeDecomp,16S,FALSE,NA,NA,NA,NA,NA,NA,NA,NA,NA,NA,NA,NA,NA,NA,NA,NA,NA,NA,NA,NA,NA,NA,NA,NA,NA,NA,NA,NA,NA,NA,NA,NA,NA,NA,NA,NA,NA,NA
FAYE-16S-PD1,i7_A707,AGTCTCCA,i5_B507,GATCGTGT,FayeDecomp,16S,FALSE,NA,NA,NA,NA,NA,NA,NA,NA,NA,NA,NA,NA,NA,NA,NA,NA,NA,NA,NA,NA,NA,NA,NA,NA,NA,NA,NA,NA,NA,NA,NA,NA,NA,NA,NA,NA,NA,NA
LOG-16S-SL3,i7_A708,GAGCGACA,i5_B507,GATCGTGT,Juniper,16S,FALSE,Juniperus osteosperma,2008,41.5442,-113.6921,Salt_Lake_3,Devil,#5268 (2008),0.1,0.2,0.1,0.9,35.5,7.6,15.9,0.4,1.4,1.9,2.7,1,4.3,16.4,0,0,0.6,0,0,2.3,0.8,0.6,0.7,0.77,2206,0.0005,1,0,93.4,4.0608695652,12
LOG-16S-SL12,i7_A709,CTACGACA,i5_B507,GATCGTGT,Juniper,16S,FALSE,Juniperus osteosperma,2018,41.5719,-113.7488,Salt_Lake_3,Ridge,#5276 (2018),0.6,0.4,2.3,0.2,1.9,1.2,25.9,0.2,0.4,1.8,0.7,0,1,37.5,3.3,1.1,0,2,0.6,1.6,2.4,0,2.6,0.18,1687,0,0,0,87.7,3.8130434783,2
FAYE-ITS2-B1,i7_A701,GAGAGTTA,i5_B508,GTCAGATA,FayeDecomp,ITS2,FALSE,NA,NA,NA,NA,NA,NA,NA,NA,NA,NA,NA,NA,NA,NA,NA,NA,NA,NA,NA,NA,NA,NA,NA,NA,NA,NA,NA,NA,NA,NA,NA,NA,NA,NA,NA,NA,NA,NA
FAYE-ITS2-BD2,i7_A702,ACATAGTA,i5_B508,GTCAGATA,FayeDecomp,ITS2,FALSE,NA,NA,NA,NA,NA,NA,NA,NA,NA,NA,NA,NA,NA,NA,NA,NA,NA,NA,NA,NA,NA,NA,NA,NA,NA,NA,NA,NA,NA,NA,NA,NA,NA,NA,NA,NA,NA,NA
LOG-ITS2-CC4,i7_A703,CGCTACTA,i5_B508,GTCAGATA,Juniper,ITS2,FALSE,Juniperus osteosperma,2005,38.0547,-113.1844,Cedar_City,Neck,#5266 (2005),1.9,0.7,1.1,1,19.2,4.8,15,0.4,1.3,2,2.9,1,7.9,15.7,0,0,1.7,1,0.5,5.6,1.1,1.5,1.5,0.37,1256,0.0279,35,0,87.8,3.8173913043,15
LOG-ITS2-SL2,i7_A704,CTCACTGA,i5_B508,GTCAGATA,Juniper,ITS2,FALSE,Juniperus osteosperma,2007,40.952,-112.8348,Salt_Lake_2,Monarch,#5267 (2007),0.1,0.3,0.3,0.8,7.6,2.7,28.7,0.4,0.9,2.1,1.7,0.5,5.6,19,1.7,1.1,0,1.1,0.5,10,2.3,1,3.1,0.47,1716,0.0058,10,0,91.5,3.9782608696,13
FAYE-16S-B1,i7_A706,TGCGTAGA,i5_B508,GTCAGATA,FayeDecomp,16S,FALSE,NA,NA,NA,NA,NA,NA,NA,NA,NA,NA,NA,NA,NA,NA,NA,NA,NA,NA,NA,NA,NA,NA,NA,NA,NA,NA,NA,NA,NA,NA,NA,NA,NA,NA,NA,NA,NA,NA
FAYE-16S-BD2,i7_A707,AGTCTCCA,i5_B508,GTCAGATA,FayeDecomp,16S,FALSE,NA,NA,NA,NA,NA,NA,NA,NA,NA,NA,NA,NA,NA,NA,NA,NA,NA,NA,NA,NA,NA,NA,NA,NA,NA,NA,NA,NA,NA,NA,NA,NA,NA,NA,NA,NA,NA,NA
LOG-16S-CC4,i7_A708,GAGCGACA,i5_B508,GTCAGATA,Juniper,16S,FALSE,Juniperus osteosperma,2005,38.0547,-113.1844,Cedar_City,Neck,#5266 (2005),1.9,0.7,1.1,1,19.2,4.8,15,0.4,1.3,2,2.9,1,7.9,15.7,0,0,1.7,1,0.5,5.6,1.1,1.5,1.5,0.37,1256,0.0279,35,0,87.8,3.8173913043,15
LOG-16S-SL2,i7_A709,CTACGACA,i5_B508,GTCAGATA,Juniper,16S,FALSE,Juniperus osteosperma,2007,40.952,-112.8348,Salt_Lake_2,Monarch,#5267 (2007),0.1,0.3,0.3,0.8,7.6,2.7,28.7,0.4,0.9,2.1,1.7,0.5,5.6,19,1.7,1.1,0,1.1,0.5,10,2.3,1,3.1,0.47,1716,0.0058,10,0,91.5,3.9782608696,13
